Node,Agent,ConstraintRatio,MaxTimeGap,Solver,Iteration,Tours,Cost,Time[s]
5,1,1.0,10,milp,1,"[[0, 4, 5, 3, 2, 1, 0]]",69.99999999999996,0.044467926025390625
5,1,1.0,10,milp,2,"[[0, 1, 4, 3, 5, 2, 0]]",61.99999999999997,0.02105879783630371
5,1,1.0,10,milp,3,"[[0, 4, 1, 3, 2, 5, 0]]",119.99999999999997,0.031356096267700195
5,1,1.0,10,milp,4,"[[0, 1, 4, 2, 5, 3, 0]]",74.0,0.027280092239379883
5,1,1.0,10,milp,5,"[[0, 2, 3, 4, 5, 1, 0]]",72.0,0.02495574951171875
5,1,1.0,10,ortools,1,"[[0, 4, 5, 3, 2, 1, 0]]",144,0.01943182945251465
5,1,1.0,10,ortools,2,"[[0, 1, 4, 3, 5, 2, 0]]",102,0.009927034378051758
5,1,1.0,10,ortools,3,"[[0, 4, 1, 3, 2, 5, 0]]",156,0.01010584831237793
5,1,1.0,10,ortools,4,"[[0, 1, 4, 2, 5, 3, 0]]",150,0.008942127227783203
5,1,1.0,10,ortools,5,"[[0, 2, 3, 4, 5, 1, 0]]",150,0.0056989192962646484
5,1,1.0,30,milp,1,"[[0, 4, 2, 5, 3, 1, 0]]",78.0,0.06530618667602539
5,1,1.0,30,milp,2,"[[0, 1, 2, 4, 5, 3, 0]]",67.99999999999999,0.01908397674560547
5,1,1.0,30,milp,3,"[[0, 5, 3, 1, 2, 4, 0]]",98.0,0.02274918556213379
5,1,1.0,30,milp,4,"[[0, 5, 3, 4, 2, 1, 0]]",64.0,0.026741981506347656
5,1,1.0,30,milp,5,"[[0, 4, 3, 5, 1, 2, 0]]",86.0,0.022355318069458008
5,1,1.0,30,ortools,1,"[[0, 4, 2, 5, 3, 1, 0]]",162,0.01055002212524414
5,1,1.0,30,ortools,2,"[[0, 1, 2, 4, 5, 3, 0]]",168,0.006017923355102539
5,1,1.0,30,ortools,3,"[[0, 5, 3, 1, 2, 4, 0]]",180,0.010182857513427734
5,1,1.0,30,ortools,4,"[[0, 5, 3, 4, 2, 1, 0]]",156,0.0060291290283203125
5,1,1.0,30,ortools,5,"[[0, 4, 3, 5, 1, 2, 0]]",126,0.010376930236816406
5,1,1.0,50,milp,1,"[[0, 5, 2, 3, 1, 4, 0]]",93.99999999999994,0.027720212936401367
5,1,1.0,50,milp,2,"[[0, 1, 2, 3, 4, 5, 0]]",49.999999999999645,0.029356002807617188
5,1,1.0,50,milp,3,"[[0, 1, 3, 4, 5, 2, 0]]",67.99999999999991,0.030800819396972656
5,1,1.0,50,milp,4,"[[0, 5, 3, 1, 2, 4, 0]]",79.99999999999991,0.028110027313232422
5,1,1.0,50,milp,5,"[[0, 4, 2, 1, 5, 3, 0]]",95.99999999999997,0.05109286308288574
5,1,1.0,50,ortools,1,"[[0, 5, 2, 3, 1, 4, 0]]",138,0.013548851013183594
5,1,1.0,50,ortools,2,"[[0, 1, 2, 3, 4, 5, 0]]",108,0.005009889602661133
5,1,1.0,50,ortools,3,"[[0, 1, 3, 4, 5, 2, 0]]",186,0.008968353271484375
5,1,1.0,50,ortools,4,"[[0, 5, 3, 1, 2, 4, 0]]",156,0.009052038192749023
5,1,1.0,50,ortools,5,"[[0, 4, 2, 1, 5, 3, 0]]",156,0.01487588882446289
5,1,0.75,10,milp,1,"[[0, 2, 1, 5, 3, 4, 0]]",74.0,0.022472143173217773
5,1,0.75,10,milp,2,"[[0, 3, 4, 2, 5, 1, 0]]",87.99999999999999,0.02249884605407715
5,1,0.75,10,milp,3,"[[0, 2, 3, 4, 5, 1, 0]]",71.99999999999994,0.021339893341064453
5,1,0.75,10,milp,4,"[[0, 1, 4, 3, 2, 5, 0]]",104.0,0.04003500938415527
5,1,0.75,10,milp,5,"[[0, 4, 5, 3, 2, 1, 0]]",52.0,0.061798810958862305
5,1,0.75,10,ortools,1,"[[0, 2, 1, 5, 3, 4, 0]]",144,0.007917165756225586
5,1,0.75,10,ortools,2,"[[0, 3, 4, 2, 5, 1, 0]]",168,0.009478092193603516
5,1,0.75,10,ortools,3,"[[0, 2, 3, 4, 5, 1, 0]]",144,0.008496761322021484
5,1,0.75,10,ortools,4,"[[0, 1, 4, 3, 2, 5, 0]]",156,0.013015031814575195
5,1,0.75,10,ortools,5,"[[0, 4, 5, 3, 2, 1, 0]]",126,0.00997471809387207
5,1,0.75,30,milp,1,"[[0, 2, 3, 1, 4, 5, 0]]",77.99999999999997,0.07172989845275879
5,1,0.75,30,milp,2,"[[0, 5, 3, 4, 2, 1, 0]]",74.0,0.03758692741394043
5,1,0.75,30,milp,3,"[[0, 3, 5, 1, 4, 2, 0]]",76.0,0.020026206970214844
5,1,0.75,30,milp,4,"[[0, 2, 1, 5, 3, 4, 0]]",94.0,0.03045201301574707
5,1,0.75,30,milp,5,"[[0, 4, 3, 1, 5, 2, 0]]",87.9999999999994,0.019429922103881836
5,1,0.75,30,ortools,1,"[[0, 2, 3, 1, 4, 5, 0]]",138,0.009415864944458008
5,1,0.75,30,ortools,2,"[[0, 5, 3, 4, 2, 1, 0]]",138,0.014331817626953125
5,1,0.75,30,ortools,3,"[[0, 3, 5, 1, 4, 2, 0]]",120,0.013008356094360352
5,1,0.75,30,ortools,4,"[[0, 2, 1, 5, 3, 4, 0]]",168,0.0157010555267334
5,1,0.75,30,ortools,5,"[[0, 4, 3, 1, 5, 2, 0]]",156,0.011494159698486328
5,1,0.75,50,milp,1,"[[0, 1, 5, 2, 4, 3, 0]]",87.99999999999996,0.026814937591552734
5,1,0.75,50,milp,2,"[[0, 2, 3, 4, 5, 1, 0]]",73.99999999999999,0.02955317497253418
5,1,0.75,50,milp,3,"[[0, 4, 5, 2, 1, 3, 0]]",92.99999999999957,0.03905296325683594
5,1,0.75,50,milp,4,"[[0, 4, 5, 2, 1, 3, 0]]",102.0,0.06646132469177246
5,1,0.75,50,milp,5,"[[0, 3, 1, 2, 5, 4, 0]]",83.99999999999997,0.05009102821350098
5,1,0.75,50,ortools,1,"[[0, 1, 5, 2, 4, 3, 0]]",156,0.04404592514038086
5,1,0.75,50,ortools,2,"[[0, 2, 3, 4, 5, 1, 0]]",150,0.008115053176879883
5,1,0.75,50,ortools,3,"[[0, 4, 5, 2, 1, 3, 0]]",138,0.02005910873413086
5,1,0.75,50,ortools,4,"[[0, 4, 5, 2, 1, 3, 0]]",156,0.03284120559692383
5,1,0.75,50,ortools,5,"[[0, 3, 1, 2, 5, 4, 0]]",138,0.016234159469604492
5,1,0.5,10,milp,1,"[[0, 3, 4, 5, 2, 1, 0]]",66.0,0.16951513290405273
5,1,0.5,10,milp,2,"[[0, 3, 5, 2, 1, 4, 0]]",36.0,0.05866289138793945
5,1,0.5,10,milp,3,"[[0, 4, 1, 3, 5, 2, 0]]",91.99999999999999,0.07712984085083008
5,1,0.5,10,milp,4,"[[0, 2, 1, 3, 5, 4, 0]]",67.99999999999997,0.0778951644897461
5,1,0.5,10,milp,5,"[[0, 2, 4, 3, 5, 1, 0]]",83.99999999999997,0.02632904052734375
5,1,0.5,10,ortools,1,"[[0, 3, 4, 5, 2, 1, 0]]",150,0.009701967239379883
5,1,0.5,10,ortools,2,"[[0, 3, 5, 2, 1, 4, 0]]",54,0.017711162567138672
5,1,0.5,10,ortools,3,"[[0, 4, 1, 3, 5, 2, 0]]",162,0.011624336242675781
5,1,0.5,10,ortools,4,"[[0, 2, 1, 3, 5, 4, 0]]",132,0.007243156433105469
5,1,0.5,10,ortools,5,"[[0, 2, 4, 3, 5, 1, 0]]",174,0.010855913162231445
5,1,0.5,30,milp,1,"[[0, 4, 5, 2, 3, 1, 0]]",73.0,0.02746868133544922
5,1,0.5,30,milp,2,"[[0, 1, 3, 2, 5, 4, 0]]",67.99999999999972,0.03158283233642578
5,1,0.5,30,milp,3,"[[0, 1, 3, 4, 2, 5, 0]]",102.0,0.029825925827026367
5,1,0.5,30,milp,4,"[[0, 3, 2, 1, 4, 5, 0]]",82.0,0.027841806411743164
5,1,0.5,30,milp,5,"[[0, 3, 2, 5, 4, 1, 0]]",99.0,0.037774085998535156
5,1,0.5,30,ortools,1,"[[0, 4, 5, 2, 3, 1, 0]]",82,0.013524055480957031
5,1,0.5,30,ortools,2,"[[0, 1, 3, 2, 5, 4, 0]]",150,0.006807088851928711
5,1,0.5,30,ortools,3,"[[0, 1, 3, 4, 2, 5, 0]]",162,0.009317159652709961
5,1,0.5,30,ortools,4,"[[0, 3, 1, 2, 4, 5, 0]]",156,0.7030470371246338
5,1,0.5,30,ortools,5,"[[0, 2, 4, 3, 1, 5, 0]]",162,0.02861499786376953
5,1,0.5,50,milp,1,"[[0, 4, 2, 5, 1, 3, 0]]",81.99999999999977,0.02083611488342285
5,1,0.5,50,milp,2,"[[0, 1, 2, 5, 4, 3, 0]]",51.99999999999968,0.024723291397094727
5,1,0.5,50,milp,3,"[[0, 3, 5, 4, 2, 1, 0]]",74.0,0.020306825637817383
5,1,0.5,50,milp,4,"[[0, 1, 5, 4, 2, 3, 0]]",72.0,0.024497032165527344
5,1,0.5,50,milp,5,"[[0, 3, 5, 2, 1, 4, 0]]",77.99999999999973,0.06624698638916016
5,1,0.5,50,ortools,1,"[[0, 4, 2, 5, 1, 3, 0]]",132,0.03792095184326172
5,1,0.5,50,ortools,2,"[[0, 1, 2, 5, 4, 3, 0]]",58,0.05722808837890625
5,1,0.5,50,ortools,3,"[[0, 3, 5, 4, 2, 1, 0]]",150,0.012359857559204102
5,1,0.5,50,ortools,4,"[[0, 1, 4, 5, 2, 3, 0]]",114,0.031295061111450195
5,1,0.5,50,ortools,5,"[[0, 3, 5, 2, 1, 4, 0]]",168,0.011860370635986328
5,1,0.25,10,milp,1,"[[0, 4, 5, 3, 1, 2, 0]]",65.99999999999973,0.043170928955078125
5,1,0.25,10,milp,2,"[[0, 4, 2, 3, 5, 1, 0]]",65.99999999999943,0.0671989917755127
5,1,0.25,10,milp,3,"[[0, 3, 5, 2, 4, 1, 0]]",50.0,0.0602109432220459
5,1,0.25,10,milp,4,"[[0, 5, 4, 2, 1, 3, 0]]",92.0,0.03785991668701172
5,1,0.25,10,milp,5,"[[0, 3, 5, 4, 1, 2, 0]]",82.0,0.030300140380859375
5,1,0.25,10,ortools,1,"[[0, 4, 5, 3, 1, 2, 0]]",144,0.013257026672363281
5,1,0.25,10,ortools,2,"[[0, 4, 2, 3, 5, 1, 0]]",120,0.017192840576171875
5,1,0.25,10,ortools,3,"[[0, 3, 5, 2, 4, 1, 0]]",96,0.013824939727783203
5,1,0.25,10,ortools,4,"[[0, 5, 4, 2, 1, 3, 0]]",150,0.010249853134155273
5,1,0.25,10,ortools,5,"[[0, 3, 5, 4, 1, 2, 0]]",168,0.017628192901611328
5,1,0.25,30,milp,1,"[[0, 1, 3, 4, 5, 2, 0]]",68.0,0.05083894729614258
5,1,0.25,30,milp,2,"[[0, 1, 2, 4, 5, 3, 0]]",66.0,0.15111279487609863
5,1,0.25,30,milp,3,"[[0, 1, 2, 5, 4, 3, 0]]",67.99999999999997,0.07325911521911621
5,1,0.25,30,milp,4,"[[0, 4, 3, 2, 5, 1, 0]]",67.99999999999962,0.048509836196899414
5,1,0.25,30,milp,5,"[[0, 2, 3, 4, 5, 1, 0]]",57.99999999999973,0.09312629699707031
5,1,0.25,30,ortools,1,"[[0, 1, 3, 4, 5, 2, 0]]",150,0.014469146728515625
5,1,0.25,30,ortools,2,"[[0, 1, 2, 4, 5, 3, 0]]",168,0.022022247314453125
5,1,0.25,30,ortools,3,"[[0, 1, 2, 5, 4, 3, 0]]",132,0.5826599597930908
5,1,0.25,30,ortools,4,"[[0, 2, 3, 4, 1, 5, 0]]",120,0.13512301445007324
5,1,0.25,30,ortools,5,"[[0, 2, 3, 4, 5, 1, 0]]",126,0.023223161697387695
5,1,0.25,50,milp,1,"[[0, 1, 4, 5, 3, 2, 0]]",51.99999999999895,0.03765106201171875
5,1,0.25,50,milp,2,"[[0, 1, 3, 4, 2, 5, 0]]",77.99999999999994,0.059346914291381836
5,1,0.25,50,milp,3,"[[0, 1, 5, 3, 2, 4, 0]]",89.99999999089995,0.0809178352355957
5,1,0.25,50,milp,4,"[[0, 4, 5, 3, 1, 2, 0]]",116.0,0.027328968048095703
5,1,0.25,50,milp,5,"[[0, 1, 3, 4, 5, 2, 0]]",66.0,0.07941412925720215
5,1,0.25,50,ortools,1,"[[0, 1, 3, 4, 5, 2, 0]]",132,0.01214909553527832
5,1,0.25,50,ortools,2,"[[0, 1, 3, 4, 2, 5, 0]]",150,0.009966135025024414
5,1,0.25,50,ortools,3,"[[0, 1, 3, 5, 2, 4, 0]]",168,0.017840862274169922
5,1,0.25,50,ortools,4,"[[0, 4, 5, 3, 1, 2, 0]]",198,0.4227759838104248
5,1,0.25,50,ortools,5,"[[0, 1, 3, 4, 5, 2, 0]]",138,0.0062770843505859375
5,10,1.0,10,milp,1,[],-1,0.012475013732910156
5,10,1.0,10,milp,2,[],-1,0.03482484817504883
5,10,1.0,10,milp,3,[],-1,0.01223301887512207
5,10,1.0,10,milp,4,[],-1,0.015439748764038086
5,10,1.0,10,milp,5,[],-1,0.014037847518920898
5,10,1.0,10,ortools,1,"[[0, 0], [0, 0], [0, 0], [0, 0], [0, 0], [0, 0], [0, 0], [0, 0], [0, 1, 3, 5, 0], [0, 4, 2, 0]]",111,0.06093120574951172
5,10,1.0,10,ortools,2,"[[0, 0], [0, 5, 2, 4, 0], [0, 0], [0, 0], [0, 0], [0, 0], [0, 0], [0, 0], [0, 0], [0, 1, 3, 0]]",165,0.11687278747558594
5,10,1.0,10,ortools,3,"[[0, 0], [0, 3, 2, 0], [0, 0], [0, 0], [0, 0], [0, 0], [0, 0], [0, 0], [0, 0], [0, 5, 1, 4, 0]]",199,0.15502381324768066
5,10,1.0,10,ortools,4,"[[0, 0], [0, 0], [0, 0], [0, 0], [0, 0], [0, 0], [0, 0], [0, 5, 4, 3, 0], [0, 0], [0, 2, 1, 0]]",182,0.08110618591308594
5,10,1.0,10,ortools,5,"[[0, 0], [0, 0], [0, 0], [0, 0], [0, 0], [0, 0], [0, 5, 3, 0], [0, 0], [0, 4, 2, 1, 0], [0, 0]]",122,0.08168315887451172
5,10,1.0,30,milp,1,[],-1,0.019279003143310547
5,10,1.0,30,milp,2,[],-1,0.012092113494873047
5,10,1.0,30,milp,3,[],-1,0.01734614372253418
5,10,1.0,30,milp,4,[],-1,0.011769771575927734
5,10,1.0,30,milp,5,[],-1,0.016315221786499023
5,10,1.0,30,ortools,1,"[[0, 4, 5, 2, 0], [0, 1, 0], [0, 0], [0, 0], [0, 0], [0, 0], [0, 0], [0, 0], [0, 0], [0, 3, 0]]",380,0.10158991813659668
5,10,1.0,30,ortools,2,"[[0, 0], [0, 2, 5, 4, 1, 0], [0, 0], [0, 0], [0, 0], [0, 0], [0, 0], [0, 0], [0, 3, 0], [0, 0]]",155,0.08637094497680664
5,10,1.0,30,ortools,3,"[[0, 1, 0], [0, 0], [0, 0], [0, 0], [0, 0], [0, 0], [0, 0], [0, 0], [0, 0], [0, 3, 2, 5, 4, 0]]",185,0.10639119148254395
5,10,1.0,30,ortools,4,"[[0, 0], [0, 0], [0, 0], [0, 0], [0, 0], [0, 0], [0, 0], [0, 0], [0, 5, 3, 2, 4, 0], [0, 1, 0]]",202,0.12402582168579102
5,10,1.0,30,ortools,5,"[[0, 0], [0, 0], [0, 0], [0, 0], [0, 0], [0, 0], [0, 0], [0, 0], [0, 5, 3, 4, 0], [0, 2, 1, 0]]",146,0.4662351608276367
5,10,1.0,50,milp,1,[],-1,0.018864154815673828
5,10,1.0,50,milp,2,[],-1,0.018920183181762695
5,10,1.0,50,milp,3,[],-1,0.01830911636352539
5,10,1.0,50,milp,4,[],-1,0.014852762222290039
5,10,1.0,50,milp,5,[],-1,0.07564282417297363
5,10,1.0,50,ortools,1,"[[0, 0], [0, 0], [0, 0], [0, 0], [0, 0], [0, 0], [0, 0], [0, 2, 4, 1, 0], [0, 5, 3, 0], [0, 0]]",128,0.19878721237182617
5,10,1.0,50,ortools,2,"[[0, 0], [0, 0], [0, 0], [0, 0], [0, 0], [0, 0], [0, 0], [0, 0], [0, 3, 2, 5, 1, 0], [0, 4, 0]]",196,0.4630568027496338
5,10,1.0,50,ortools,3,"[[0, 3, 0], [0, 0], [0, 0], [0, 0], [0, 0], [0, 0], [0, 0], [0, 0], [0, 5, 0], [0, 1, 4, 2, 0]]",136,0.038672685623168945
5,10,1.0,50,ortools,4,"[[0, 3, 2, 0], [0, 0], [0, 0], [0, 0], [0, 0], [0, 0], [0, 0], [0, 0], [0, 0], [0, 1, 4, 5, 0]]",239,0.3595602512359619
5,10,1.0,50,ortools,5,"[[0, 0], [0, 0], [0, 1, 0], [0, 0], [0, 0], [0, 0], [0, 0], [0, 0], [0, 0], [0, 5, 3, 4, 2, 0]]",112,0.20888090133666992
5,10,0.75,10,milp,1,[],-1,0.03517913818359375
5,10,0.75,10,milp,2,[],-1,0.04420590400695801
5,10,0.75,10,milp,3,[],-1,0.03476214408874512
5,10,0.75,10,milp,4,[],-1,0.030098915100097656
5,10,0.75,10,milp,5,[],-1,0.016351938247680664
5,10,0.75,10,ortools,1,"[[0, 0], [0, 0], [0, 0], [0, 0], [0, 0], [0, 0], [0, 0], [0, 0], [0, 1, 2, 0], [0, 5, 3, 4, 0]]",188,0.07865500450134277
5,10,0.75,10,ortools,2,"[[0, 3, 4, 5, 1, 0], [0, 0], [0, 0], [0, 0], [0, 0], [0, 0], [0, 0], [0, 0], [0, 0], [0, 2, 0]]",342,0.07814502716064453
5,10,0.75,10,ortools,3,"[[0, 1, 0], [0, 0], [0, 0], [0, 0], [0, 0], [0, 0], [0, 0], [0, 5, 4, 3, 0], [0, 0], [0, 2, 0]]",395,0.10527777671813965
5,10,0.75,10,ortools,4,"[[0, 0], [0, 0], [0, 0], [0, 0], [0, 0], [0, 0], [0, 0], [0, 0], [0, 2, 5, 4, 3, 0], [0, 1, 0]]",141,0.11006474494934082
5,10,0.75,10,ortools,5,"[[0, 0], [0, 0], [0, 0], [0, 0], [0, 0], [0, 0], [0, 0], [0, 0], [0, 5, 2, 3, 4, 0], [0, 1, 0]]",194,0.07016515731811523
5,10,0.75,30,milp,1,[],-1,0.01415395736694336
5,10,0.75,30,milp,2,[],-1,0.015760183334350586
5,10,0.75,30,milp,3,[],-1,0.026086091995239258
5,10,0.75,30,milp,4,[],-1,0.014605045318603516
5,10,0.75,30,milp,5,[],-1,0.014396190643310547
5,10,0.75,30,ortools,1,"[[0, 1, 5, 2, 0], [0, 4, 3, 0], [0, 0], [0, 0], [0, 0], [0, 0], [0, 0], [0, 0], [0, 0], [0, 0]]",300,0.05403733253479004
5,10,0.75,30,ortools,2,"[[0, 0], [0, 0], [0, 0], [0, 0], [0, 0], [0, 0], [0, 0], [0, 0], [0, 1, 0], [0, 2, 4, 3, 5, 0]]",169,0.12410283088684082
5,10,0.75,30,ortools,3,"[[0, 0], [0, 0], [0, 1, 2, 0], [0, 0], [0, 0], [0, 0], [0, 0], [0, 0], [0, 4, 5, 0], [0, 3, 0]]",259,0.2139298915863037
5,10,0.75,30,ortools,4,"[[0, 3, 2, 0], [0, 0], [0, 0], [0, 0], [0, 0], [0, 0], [0, 0], [0, 0], [0, 0], [0, 1, 4, 5, 0]]",160,0.10860705375671387
5,10,0.75,30,ortools,5,"[[0, 1, 2, 0], [0, 0], [0, 0], [0, 0], [0, 0], [0, 0], [0, 0], [0, 0], [0, 0], [0, 3, 5, 4, 0]]",322,0.41088294982910156
5,10,0.75,50,milp,1,[],-1,0.014360904693603516
5,10,0.75,50,milp,2,[],-1,0.012650012969970703
5,10,0.75,50,milp,3,[],-1,0.019854068756103516
5,10,0.75,50,milp,4,[],-1,0.012596845626831055
5,10,0.75,50,milp,5,[],-1,0.02081012725830078
5,10,0.75,50,ortools,1,"[[0, 1, 2, 0], [0, 0], [0, 0], [0, 0], [0, 0], [0, 0], [0, 0], [0, 0], [0, 5, 0], [0, 3, 4, 0]]",192,0.031780242919921875
5,10,0.75,50,ortools,2,"[[0, 2, 0], [0, 4, 5, 1, 0], [0, 3, 0], [0, 0], [0, 0], [0, 0], [0, 0], [0, 0], [0, 0], [0, 0]]",193,0.13248014450073242
5,10,0.75,50,ortools,3,"[[0, 0], [0, 1, 4, 5, 0], [0, 0], [0, 0], [0, 0], [0, 0], [0, 0], [0, 0], [0, 0], [0, 3, 2, 0]]",137,0.14589905738830566
5,10,0.75,50,ortools,4,"[[0, 2, 1, 4, 3, 0], [0, 5, 0], [0, 0], [0, 0], [0, 0], [0, 0], [0, 0], [0, 0], [0, 0], [0, 0]]",116,0.038352012634277344
5,10,0.75,50,ortools,5,"[[0, 0], [0, 4, 0], [0, 0], [0, 0], [0, 0], [0, 0], [0, 0], [0, 0], [0, 2, 3, 5, 1, 0], [0, 0]]",180,0.12078094482421875
5,10,0.5,10,milp,1,[],-1,0.01637887954711914
5,10,0.5,10,milp,2,[],-1,0.028289079666137695
5,10,0.5,10,milp,3,[],-1,0.012511014938354492
5,10,0.5,10,milp,4,[],-1,0.021250009536743164
5,10,0.5,10,milp,5,[],-1,0.016948938369750977
5,10,0.5,10,ortools,1,"[[0, 0], [0, 2, 4, 5, 3, 0], [0, 0], [0, 0], [0, 0], [0, 0], [0, 0], [0, 0], [0, 0], [0, 1, 0]]",113,0.1584169864654541
5,10,0.5,10,ortools,2,"[[0, 0], [0, 0], [0, 0], [0, 0], [0, 0], [0, 0], [0, 0], [0, 0], [0, 0], [0, 5, 4, 1, 3, 2, 0]]",81,0.05417203903198242
5,10,0.5,10,ortools,3,"[[0, 4, 0], [0, 0], [0, 0], [0, 0], [0, 0], [0, 0], [0, 0], [0, 0], [0, 5, 1, 0], [0, 3, 2, 0]]",314,0.13919472694396973
5,10,0.5,10,ortools,4,"[[0, 0], [0, 1, 0], [0, 0], [0, 0], [0, 0], [0, 0], [0, 0], [0, 0], [0, 0], [0, 5, 3, 4, 2, 0]]",183,0.21045804023742676
5,10,0.5,10,ortools,5,"[[0, 0], [0, 0], [0, 0], [0, 0], [0, 0], [0, 0], [0, 0], [0, 0], [0, 0], [0, 1, 3, 4, 2, 5, 0]]",90,0.07512092590332031
5,10,0.5,30,milp,1,[],-1,0.014384746551513672
5,10,0.5,30,milp,2,[],-1,0.012452125549316406
5,10,0.5,30,milp,3,[],-1,0.014755010604858398
5,10,0.5,30,milp,4,[],-1,0.015661001205444336
5,10,0.5,30,milp,5,[],-1,0.10565495491027832
5,10,0.5,30,ortools,1,"[[0, 0], [0, 2, 5, 0], [0, 0], [0, 0], [0, 0], [0, 0], [0, 0], [0, 0], [0, 0], [0, 1, 3, 4, 0]]",162,0.17208290100097656
5,10,0.5,30,ortools,2,"[[0, 1, 2, 4, 0], [0, 0], [0, 0], [0, 0], [0, 0], [0, 0], [0, 0], [0, 0], [0, 0], [0, 3, 5, 0]]",132,0.06143522262573242
5,10,0.5,30,ortools,3,"[[0, 2, 1, 0], [0, 0], [0, 0], [0, 0], [0, 0], [0, 0], [0, 0], [0, 0], [0, 4, 5, 3, 0], [0, 0]]",251,0.3093900680541992
5,10,0.5,30,ortools,4,"[[0, 5, 3, 2, 0], [0, 0], [0, 0], [0, 0], [0, 0], [0, 0], [0, 0], [0, 0], [0, 4, 0], [0, 1, 0]]",422,0.19806504249572754
5,10,0.5,30,ortools,5,"[[0, 5, 3, 0], [0, 0], [0, 0], [0, 0], [0, 0], [0, 0], [0, 0], [0, 0], [0, 0], [0, 1, 2, 4, 0]]",149,0.16055989265441895
5,10,0.5,50,milp,1,[],-1,0.03945326805114746
5,10,0.5,50,milp,2,[],-1,0.02102518081665039
5,10,0.5,50,milp,3,[],-1,0.020325183868408203
5,10,0.5,50,milp,4,[],-1,0.03207206726074219
5,10,0.5,50,milp,5,[],-1,0.018168926239013672
5,10,0.5,50,ortools,1,"[[0, 1, 5, 3, 0], [0, 0], [0, 0], [0, 0], [0, 0], [0, 0], [0, 0], [0, 0], [0, 4, 2, 0], [0, 0]]",286,0.3116753101348877
5,10,0.5,50,ortools,2,"[[0, 0], [0, 0], [0, 0], [0, 0], [0, 0], [0, 0], [0, 0], [0, 0], [0, 0], [0, 2, 4, 5, 3, 1, 0]]",55,0.08142685890197754
5,10,0.5,50,ortools,3,"[[0, 2, 5, 0], [0, 1, 0], [0, 4, 3, 0], [0, 0], [0, 0], [0, 0], [0, 0], [0, 0], [0, 0], [0, 0]]",145,0.10147285461425781
5,10,0.5,50,ortools,4,"[[0, 1, 0], [0, 3, 4, 2, 0], [0, 0], [0, 0], [0, 0], [0, 0], [0, 0], [0, 0], [0, 5, 0], [0, 0]]",159,0.023096084594726562
5,10,0.5,50,ortools,5,"[[0, 0], [0, 4, 5, 3, 0], [0, 0], [0, 0], [0, 0], [0, 0], [0, 0], [0, 0], [0, 0], [0, 1, 2, 0]]",192,0.28969311714172363
5,10,0.25,10,milp,1,[],-1,0.028615951538085938
5,10,0.25,10,milp,2,[],-1,0.011026144027709961
5,10,0.25,10,milp,3,[],-1,0.013891220092773438
5,10,0.25,10,milp,4,[],-1,0.01487278938293457
5,10,0.25,10,milp,5,[],-1,0.01412820816040039
5,10,0.25,10,ortools,1,"[[0, 0], [0, 0], [0, 0], [0, 0], [0, 0], [0, 0], [0, 0], [0, 0], [0, 1, 0], [0, 5, 3, 4, 2, 0]]",273,0.22444391250610352
5,10,0.25,10,ortools,2,"[[0, 1, 4, 2, 3, 0], [0, 0], [0, 0], [0, 0], [0, 0], [0, 0], [0, 0], [0, 0], [0, 5, 0], [0, 0]]",312,0.2535207271575928
5,10,0.25,10,ortools,3,"[[0, 0], [0, 0], [0, 0], [0, 0], [0, 0], [0, 0], [0, 0], [0, 0], [0, 4, 5, 3, 0], [0, 2, 1, 0]]",102,0.2217390537261963
5,10,0.25,10,ortools,4,"[[0, 0], [0, 3, 4, 0], [0, 0], [0, 0], [0, 0], [0, 0], [0, 0], [0, 0], [0, 0], [0, 2, 1, 5, 0]]",185,0.08175110816955566
5,10,0.25,10,ortools,5,"[[0, 1, 2, 0], [0, 0], [0, 0], [0, 0], [0, 0], [0, 0], [0, 0], [0, 0], [0, 5, 4, 3, 0], [0, 0]]",262,0.13775300979614258
5,10,0.25,30,milp,1,[],-1,0.011775970458984375
5,10,0.25,30,milp,2,[],-1,0.014399051666259766
5,10,0.25,30,milp,3,[],-1,0.011636018753051758
5,10,0.25,30,milp,4,[],-1,0.01389002799987793
5,10,0.25,30,milp,5,[],-1,0.01300191879272461
5,10,0.25,30,ortools,1,"[[0, 5, 4, 0], [0, 0], [0, 0], [0, 0], [0, 0], [0, 0], [0, 0], [0, 0], [0, 0], [0, 3, 2, 1, 0]]",272,0.10655593872070312
5,10,0.25,30,ortools,2,"[[0, 5, 0], [0, 2, 1, 0], [0, 3, 4, 0], [0, 0], [0, 0], [0, 0], [0, 0], [0, 0], [0, 0], [0, 0]]",154,0.027816295623779297
5,10,0.25,30,ortools,3,"[[0, 0], [0, 3, 4, 2, 0], [0, 0], [0, 0], [0, 0], [0, 0], [0, 0], [0, 0], [0, 0], [0, 5, 1, 0]]",152,0.25324201583862305
5,10,0.25,30,ortools,4,"[[0, 5, 2, 0], [0, 0], [0, 0], [0, 0], [0, 0], [0, 0], [0, 0], [0, 0], [0, 0], [0, 1, 4, 3, 0]]",110,0.05987405776977539
5,10,0.25,30,ortools,5,"[[0, 5, 0], [0, 1, 4, 3, 0], [0, 2, 0], [0, 0], [0, 0], [0, 0], [0, 0], [0, 0], [0, 0], [0, 0]]",110,0.030542850494384766
5,10,0.25,50,milp,1,[],-1,0.01635599136352539
5,10,0.25,50,milp,2,[],-1,0.015002012252807617
5,10,0.25,50,milp,3,[],-1,0.01991891860961914
5,10,0.25,50,milp,4,[],-1,0.023740768432617188
5,10,0.25,50,milp,5,[],-1,0.029747962951660156
5,10,0.25,50,ortools,1,"[[0, 0], [0, 3, 5, 2, 0], [0, 0], [0, 0], [0, 0], [0, 0], [0, 0], [0, 0], [0, 0], [0, 4, 1, 0]]",117,0.11140680313110352
5,10,0.25,50,ortools,2,"[[0, 1, 0], [0, 5, 0], [0, 0], [0, 0], [0, 0], [0, 0], [0, 0], [0, 0], [0, 0], [0, 2, 3, 4, 0]]",107,0.016969919204711914
5,10,0.25,50,ortools,3,"[[0, 2, 1, 0], [0, 5, 0], [0, 0], [0, 0], [0, 0], [0, 0], [0, 0], [0, 0], [0, 0], [0, 3, 4, 0]]",111,0.025043249130249023
5,10,0.25,50,ortools,4,"[[0, 0], [0, 5, 0], [0, 2, 4, 3, 1, 0], [0, 0], [0, 0], [0, 0], [0, 0], [0, 0], [0, 0], [0, 0]]",98,0.056201934814453125
5,10,0.25,50,ortools,5,"[[0, 4, 2, 3, 0], [0, 0], [0, 0], [0, 0], [0, 0], [0, 0], [0, 0], [0, 0], [0, 0], [0, 1, 5, 0]]",251,0.12405872344970703
5,20,1.0,10,milp,1,[],-1,0.08493614196777344
5,20,1.0,10,milp,2,[],-1,0.02928471565246582
5,20,1.0,10,milp,3,[],-1,0.025593042373657227
5,20,1.0,10,milp,4,[],-1,0.02914905548095703
5,20,1.0,10,milp,5,[],-1,0.12000799179077148
5,20,1.0,10,ortools,1,"[[0, 3, 1, 0], [0, 0], [0, 0], [0, 0], [0, 0], [0, 0], [0, 0], [0, 0], [0, 0], [0, 0], [0, 0], [0, 0], [0, 0], [0, 0], [0, 0], [0, 0], [0, 0], [0, 0], [0, 0], [0, 5, 4, 2, 0]]",340,0.38198184967041016
5,20,1.0,10,ortools,2,"[[0, 0], [0, 2, 5, 0], [0, 0], [0, 0], [0, 0], [0, 0], [0, 0], [0, 0], [0, 0], [0, 0], [0, 0], [0, 0], [0, 0], [0, 0], [0, 0], [0, 0], [0, 0], [0, 0], [0, 4, 0], [0, 3, 1, 0]]",249,0.8341760635375977
5,20,1.0,10,ortools,3,"[[0, 2, 1, 0], [0, 0], [0, 0], [0, 0], [0, 0], [0, 0], [0, 0], [0, 0], [0, 0], [0, 0], [0, 0], [0, 0], [0, 0], [0, 0], [0, 0], [0, 0], [0, 0], [0, 0], [0, 0], [0, 4, 3, 5, 0]]",170,0.30028605461120605
5,20,1.0,10,ortools,4,"[[0, 0], [0, 0], [0, 5, 2, 1, 4, 0], [0, 0], [0, 0], [0, 0], [0, 0], [0, 0], [0, 0], [0, 0], [0, 0], [0, 0], [0, 0], [0, 0], [0, 0], [0, 0], [0, 0], [0, 0], [0, 0], [0, 3, 0]]",189,0.20231294631958008
5,20,1.0,10,ortools,5,"[[0, 0], [0, 4, 0], [0, 0], [0, 0], [0, 0], [0, 0], [0, 0], [0, 0], [0, 0], [0, 0], [0, 0], [0, 0], [0, 0], [0, 0], [0, 0], [0, 0], [0, 0], [0, 0], [0, 2, 5, 3, 1, 0], [0, 0]]",168,0.24788904190063477
5,20,1.0,30,milp,1,[],-1,0.020099639892578125
5,20,1.0,30,milp,2,[],-1,0.013545989990234375
5,20,1.0,30,milp,3,[],-1,0.01913595199584961
5,20,1.0,30,milp,4,[],-1,0.14798712730407715
5,20,1.0,30,milp,5,[],-1,0.024250268936157227
5,20,1.0,30,ortools,1,"[[0, 1, 4, 0], [0, 0], [0, 0], [0, 0], [0, 0], [0, 0], [0, 0], [0, 0], [0, 0], [0, 0], [0, 0], [0, 0], [0, 0], [0, 0], [0, 0], [0, 0], [0, 0], [0, 0], [0, 3, 5, 0], [0, 2, 0]]",333,0.10913586616516113
5,20,1.0,30,ortools,2,"[[0, 2, 4, 3, 0], [0, 5, 1, 0], [0, 0], [0, 0], [0, 0], [0, 0], [0, 0], [0, 0], [0, 0], [0, 0], [0, 0], [0, 0], [0, 0], [0, 0], [0, 0], [0, 0], [0, 0], [0, 0], [0, 0], [0, 0]]",120,0.12761712074279785
5,20,1.0,30,ortools,3,"[[0, 0], [0, 0], [0, 2, 3, 5, 4, 0], [0, 0], [0, 0], [0, 0], [0, 0], [0, 0], [0, 0], [0, 0], [0, 0], [0, 0], [0, 0], [0, 0], [0, 0], [0, 0], [0, 0], [0, 0], [0, 1, 0], [0, 0]]",141,0.16115093231201172
5,20,1.0,30,ortools,4,"[[0, 0], [0, 0], [0, 2, 5, 0], [0, 0], [0, 0], [0, 0], [0, 0], [0, 0], [0, 0], [0, 0], [0, 0], [0, 0], [0, 0], [0, 0], [0, 0], [0, 0], [0, 0], [0, 0], [0, 0], [0, 1, 3, 4, 0]]",120,0.1655259132385254
5,20,1.0,30,ortools,5,"[[0, 0], [0, 2, 0], [0, 0], [0, 0], [0, 0], [0, 0], [0, 0], [0, 0], [0, 0], [0, 0], [0, 0], [0, 0], [0, 0], [0, 0], [0, 0], [0, 0], [0, 0], [0, 0], [0, 1, 4, 5, 3, 0], [0, 0]]",170,0.5002341270446777
5,20,1.0,50,milp,1,[],-1,0.026140213012695312
5,20,1.0,50,milp,2,[],-1,0.019273042678833008
5,20,1.0,50,milp,3,[],-1,0.015722990036010742
5,20,1.0,50,milp,4,[],-1,0.01909804344177246
5,20,1.0,50,milp,5,[],-1,0.014608144760131836
5,20,1.0,50,ortools,1,"[[0, 5, 4, 1, 3, 0], [0, 0], [0, 0], [0, 0], [0, 0], [0, 0], [0, 0], [0, 0], [0, 0], [0, 0], [0, 0], [0, 0], [0, 0], [0, 0], [0, 0], [0, 0], [0, 0], [0, 0], [0, 0], [0, 2, 0]]",231,0.14308476448059082
5,20,1.0,50,ortools,2,"[[0, 5, 1, 4, 0], [0, 0], [0, 0], [0, 0], [0, 0], [0, 0], [0, 0], [0, 0], [0, 0], [0, 0], [0, 0], [0, 0], [0, 0], [0, 0], [0, 0], [0, 0], [0, 0], [0, 0], [0, 0], [0, 2, 3, 0]]",257,0.10245776176452637
5,20,1.0,50,ortools,3,"[[0, 0], [0, 2, 4, 1, 0], [0, 0], [0, 0], [0, 0], [0, 0], [0, 0], [0, 0], [0, 0], [0, 0], [0, 0], [0, 0], [0, 0], [0, 0], [0, 0], [0, 0], [0, 0], [0, 0], [0, 0], [0, 3, 5, 0]]",186,0.21808099746704102
5,20,1.0,50,ortools,4,"[[0, 0], [0, 0], [0, 0], [0, 0], [0, 0], [0, 0], [0, 0], [0, 0], [0, 0], [0, 0], [0, 0], [0, 0], [0, 0], [0, 0], [0, 0], [0, 0], [0, 0], [0, 0], [0, 1, 0], [0, 3, 5, 4, 2, 0]]",188,0.34951186180114746
5,20,1.0,50,ortools,5,"[[0, 3, 1, 0], [0, 4, 2, 0], [0, 0], [0, 5, 0], [0, 0], [0, 0], [0, 0], [0, 0], [0, 0], [0, 0], [0, 0], [0, 0], [0, 0], [0, 0], [0, 0], [0, 0], [0, 0], [0, 0], [0, 0], [0, 0]]",121,0.13294172286987305
5,20,0.75,10,milp,1,[],-1,0.15604233741760254
5,20,0.75,10,milp,2,[],-1,0.01847100257873535
5,20,0.75,10,milp,3,[],-1,0.034548044204711914
5,20,0.75,10,milp,4,[],-1,0.05443882942199707
5,20,0.75,10,milp,5,[],-1,0.07339715957641602
5,20,0.75,10,ortools,1,"[[0, 0], [0, 0], [0, 0], [0, 0], [0, 0], [0, 0], [0, 0], [0, 0], [0, 0], [0, 0], [0, 0], [0, 0], [0, 0], [0, 0], [0, 0], [0, 0], [0, 0], [0, 0], [0, 5, 1, 0], [0, 3, 2, 4, 0]]",214,0.2469189167022705
5,20,0.75,10,ortools,2,"[[0, 0], [0, 1, 0], [0, 3, 4, 2, 5, 0], [0, 0], [0, 0], [0, 0], [0, 0], [0, 0], [0, 0], [0, 0], [0, 0], [0, 0], [0, 0], [0, 0], [0, 0], [0, 0], [0, 0], [0, 0], [0, 0], [0, 0]]",134,0.16759419441223145
5,20,0.75,10,ortools,3,"[[0, 0], [0, 0], [0, 2, 4, 3, 5, 0], [0, 0], [0, 0], [0, 0], [0, 0], [0, 0], [0, 0], [0, 0], [0, 0], [0, 0], [0, 0], [0, 0], [0, 0], [0, 0], [0, 0], [0, 0], [0, 0], [0, 1, 0]]",133,0.3734920024871826
5,20,0.75,10,ortools,4,"[[0, 3, 5, 0], [0, 0], [0, 0], [0, 0], [0, 0], [0, 0], [0, 0], [0, 0], [0, 0], [0, 0], [0, 0], [0, 0], [0, 0], [0, 0], [0, 0], [0, 0], [0, 0], [0, 0], [0, 4, 2, 1, 0], [0, 0]]",231,0.6006710529327393
5,20,0.75,10,ortools,5,"[[0, 0], [0, 0], [0, 0], [0, 0], [0, 0], [0, 0], [0, 0], [0, 0], [0, 0], [0, 0], [0, 0], [0, 0], [0, 0], [0, 0], [0, 0], [0, 0], [0, 0], [0, 0], [0, 4, 3, 0], [0, 1, 5, 2, 0]]",170,0.57275390625
5,20,0.75,30,milp,1,[],-1,0.04166102409362793
5,20,0.75,30,milp,2,[],-1,0.0852811336517334
5,20,0.75,30,milp,3,[],-1,0.042654991149902344
5,20,0.75,30,milp,4,[],-1,0.03280997276306152
5,20,0.75,30,milp,5,[],-1,0.016337156295776367
5,20,0.75,30,ortools,1,"[[0, 0], [0, 1, 0], [0, 2, 4, 0], [0, 0], [0, 0], [0, 0], [0, 0], [0, 0], [0, 0], [0, 0], [0, 0], [0, 0], [0, 0], [0, 0], [0, 0], [0, 0], [0, 0], [0, 0], [0, 0], [0, 3, 5, 0]]",258,0.28101491928100586
5,20,0.75,30,ortools,2,"[[0, 5, 2, 0], [0, 0], [0, 0], [0, 0], [0, 0], [0, 0], [0, 0], [0, 0], [0, 0], [0, 0], [0, 0], [0, 0], [0, 0], [0, 0], [0, 0], [0, 0], [0, 0], [0, 0], [0, 0], [0, 1, 4, 3, 0]]",290,0.33145713806152344
5,20,0.75,30,ortools,3,"[[0, 0], [0, 0], [0, 0], [0, 0], [0, 0], [0, 0], [0, 0], [0, 0], [0, 0], [0, 0], [0, 0], [0, 0], [0, 0], [0, 0], [0, 0], [0, 0], [0, 0], [0, 0], [0, 5, 3, 0], [0, 1, 4, 2, 0]]",132,0.06954526901245117
5,20,0.75,30,ortools,4,"[[0, 0], [0, 1, 0], [0, 0], [0, 0], [0, 0], [0, 0], [0, 0], [0, 0], [0, 0], [0, 0], [0, 0], [0, 0], [0, 0], [0, 0], [0, 0], [0, 0], [0, 0], [0, 0], [0, 0], [0, 3, 2, 5, 4, 0]]",180,0.18478083610534668
5,20,0.75,30,ortools,5,"[[0, 0], [0, 0], [0, 0], [0, 0], [0, 0], [0, 0], [0, 0], [0, 0], [0, 0], [0, 0], [0, 0], [0, 0], [0, 0], [0, 0], [0, 0], [0, 0], [0, 0], [0, 0], [0, 1, 5, 3, 0], [0, 4, 2, 0]]",154,0.19040322303771973
5,20,0.75,50,milp,1,[],-1,0.0244598388671875
5,20,0.75,50,milp,2,[],-1,0.013691902160644531
5,20,0.75,50,milp,3,[],-1,0.019919872283935547
5,20,0.75,50,milp,4,[],-1,0.016100168228149414
5,20,0.75,50,milp,5,[],-1,0.018133878707885742
5,20,0.75,50,ortools,1,"[[0, 0], [0, 3, 5, 4, 0], [0, 0], [0, 0], [0, 0], [0, 0], [0, 0], [0, 0], [0, 0], [0, 0], [0, 0], [0, 0], [0, 0], [0, 0], [0, 0], [0, 0], [0, 0], [0, 0], [0, 0], [0, 2, 1, 0]]",137,0.17937898635864258
5,20,0.75,50,ortools,2,"[[0, 4, 3, 2, 0], [0, 5, 1, 0], [0, 0], [0, 0], [0, 0], [0, 0], [0, 0], [0, 0], [0, 0], [0, 0], [0, 0], [0, 0], [0, 0], [0, 0], [0, 0], [0, 0], [0, 0], [0, 0], [0, 0], [0, 0]]",228,0.061033010482788086
5,20,0.75,50,ortools,3,"[[0, 3, 1, 0], [0, 0], [0, 0], [0, 0], [0, 0], [0, 0], [0, 0], [0, 0], [0, 0], [0, 0], [0, 0], [0, 0], [0, 0], [0, 0], [0, 0], [0, 0], [0, 0], [0, 5, 0], [0, 0], [0, 2, 4, 0]]",357,0.03760695457458496
5,20,0.75,50,ortools,4,"[[0, 3, 1, 0], [0, 0], [0, 0], [0, 0], [0, 0], [0, 0], [0, 0], [0, 0], [0, 0], [0, 0], [0, 0], [0, 0], [0, 0], [0, 0], [0, 0], [0, 0], [0, 0], [0, 0], [0, 5, 0], [0, 2, 4, 0]]",458,0.08568406105041504
5,20,0.75,50,ortools,5,"[[0, 0], [0, 0], [0, 0], [0, 0], [0, 0], [0, 0], [0, 0], [0, 0], [0, 0], [0, 0], [0, 0], [0, 0], [0, 0], [0, 0], [0, 0], [0, 0], [0, 0], [0, 0], [0, 1, 3, 0], [0, 4, 5, 2, 0]]",176,0.5784790515899658
5,20,0.5,10,milp,1,[],-1,1.7093498706817627
5,20,0.5,10,milp,2,[],-1,0.029620885848999023
5,20,0.5,10,milp,3,[],-1,0.017073869705200195
5,20,0.5,10,milp,4,[],-1,0.03228187561035156
5,20,0.5,10,milp,5,[],-1,0.016345977783203125
5,20,0.5,10,ortools,1,"[[0, 0], [0, 0], [0, 0], [0, 0], [0, 0], [0, 0], [0, 0], [0, 0], [0, 0], [0, 0], [0, 0], [0, 0], [0, 0], [0, 0], [0, 0], [0, 0], [0, 0], [0, 5, 4, 2, 0], [0, 0], [0, 1, 3, 0]]",142,0.15791797637939453
5,20,0.5,10,ortools,2,"[[0, 3, 5, 2, 0], [0, 4, 1, 0], [0, 0], [0, 0], [0, 0], [0, 0], [0, 0], [0, 0], [0, 0], [0, 0], [0, 0], [0, 0], [0, 0], [0, 0], [0, 0], [0, 0], [0, 0], [0, 0], [0, 0], [0, 0]]",204,0.13396310806274414
5,20,0.5,10,ortools,3,"[[0, 1, 2, 0], [0, 0], [0, 0], [0, 0], [0, 0], [0, 0], [0, 0], [0, 0], [0, 0], [0, 0], [0, 0], [0, 0], [0, 0], [0, 0], [0, 0], [0, 0], [0, 0], [0, 0], [0, 5, 4, 3, 0], [0, 0]]",324,0.18601393699645996
5,20,0.5,10,ortools,4,"[[0, 0], [0, 2, 0], [0, 3, 5, 0], [0, 0], [0, 0], [0, 0], [0, 0], [0, 0], [0, 0], [0, 0], [0, 0], [0, 0], [0, 0], [0, 0], [0, 0], [0, 0], [0, 0], [0, 0], [0, 0], [0, 1, 4, 0]]",235,0.25588512420654297
5,20,0.5,10,ortools,5,"[[0, 0], [0, 0], [0, 0], [0, 0], [0, 0], [0, 0], [0, 0], [0, 0], [0, 0], [0, 0], [0, 0], [0, 0], [0, 0], [0, 0], [0, 0], [0, 0], [0, 0], [0, 0], [0, 4, 2, 3, 0], [0, 5, 1, 0]]",180,0.12118721008300781
5,20,0.5,30,milp,1,[],-1,0.016771793365478516
5,20,0.5,30,milp,2,[],-1,0.01639389991760254
5,20,0.5,30,milp,3,[],-1,0.017505884170532227
5,20,0.5,30,milp,4,[],-1,0.013761043548583984
5,20,0.5,30,milp,5,[],-1,0.015891075134277344
5,20,0.5,30,ortools,1,"[[0, 0], [0, 0], [0, 0], [0, 4, 1, 2, 0], [0, 0], [0, 0], [0, 0], [0, 0], [0, 0], [0, 0], [0, 0], [0, 0], [0, 0], [0, 0], [0, 0], [0, 0], [0, 0], [0, 0], [0, 0], [0, 5, 3, 0]]",178,0.14362621307373047
5,20,0.5,30,ortools,2,"[[0, 3, 2, 0], [0, 0], [0, 0], [0, 0], [0, 0], [0, 0], [0, 0], [0, 0], [0, 0], [0, 0], [0, 0], [0, 0], [0, 0], [0, 0], [0, 0], [0, 0], [0, 0], [0, 0], [0, 0], [0, 1, 5, 4, 0]]",122,0.10996508598327637
5,20,0.5,30,ortools,3,"[[0, 0], [0, 4, 5, 3, 0], [0, 2, 1, 0], [0, 0], [0, 0], [0, 0], [0, 0], [0, 0], [0, 0], [0, 0], [0, 0], [0, 0], [0, 0], [0, 0], [0, 0], [0, 0], [0, 0], [0, 0], [0, 0], [0, 0]]",164,0.14992713928222656
5,20,0.5,30,ortools,4,"[[0, 1, 4, 0], [0, 0], [0, 2, 0], [0, 3, 0], [0, 0], [0, 0], [0, 0], [0, 0], [0, 0], [0, 0], [0, 0], [0, 0], [0, 0], [0, 0], [0, 0], [0, 0], [0, 0], [0, 0], [0, 0], [0, 5, 0]]",571,0.0459132194519043
5,20,0.5,30,ortools,5,"[[0, 2, 3, 0], [0, 0], [0, 0], [0, 0], [0, 0], [0, 0], [0, 0], [0, 0], [0, 0], [0, 0], [0, 0], [0, 0], [0, 0], [0, 0], [0, 0], [0, 0], [0, 0], [0, 0], [0, 0], [0, 1, 4, 5, 0]]",329,0.13106107711791992
5,20,0.5,50,milp,1,[],-1,0.015309810638427734
5,20,0.5,50,milp,2,[],-1,0.01767897605895996
5,20,0.5,50,milp,3,[],-1,0.013601064682006836
5,20,0.5,50,milp,4,[],-1,0.01543879508972168
5,20,0.5,50,milp,5,[],-1,0.015408039093017578
5,20,0.5,50,ortools,1,"[[0, 0], [0, 2, 0], [0, 1, 3, 4, 5, 0], [0, 0], [0, 0], [0, 0], [0, 0], [0, 0], [0, 0], [0, 0], [0, 0], [0, 0], [0, 0], [0, 0], [0, 0], [0, 0], [0, 0], [0, 0], [0, 0], [0, 0]]",165,0.169722318649292
5,20,0.5,50,ortools,2,"[[0, 0], [0, 4, 1, 0], [0, 0], [0, 0], [0, 0], [0, 0], [0, 0], [0, 0], [0, 0], [0, 0], [0, 0], [0, 0], [0, 0], [0, 0], [0, 0], [0, 0], [0, 0], [0, 0], [0, 0], [0, 2, 3, 5, 0]]",112,0.06918001174926758
5,20,0.5,50,ortools,3,"[[0, 0], [0, 1, 2, 0], [0, 3, 0], [0, 0], [0, 0], [0, 0], [0, 0], [0, 0], [0, 0], [0, 0], [0, 0], [0, 0], [0, 0], [0, 0], [0, 0], [0, 0], [0, 0], [0, 0], [0, 0], [0, 4, 5, 0]]",143,0.15771698951721191
5,20,0.5,50,ortools,4,"[[0, 4, 3, 0], [0, 0], [0, 0], [0, 0], [0, 0], [0, 0], [0, 0], [0, 0], [0, 0], [0, 0], [0, 0], [0, 0], [0, 0], [0, 0], [0, 0], [0, 0], [0, 0], [0, 5, 0], [0, 0], [0, 2, 1, 0]]",165,0.059678077697753906
5,20,0.5,50,ortools,5,"[[0, 0], [0, 5, 4, 2, 0], [0, 0], [0, 0], [0, 0], [0, 0], [0, 0], [0, 0], [0, 0], [0, 0], [0, 0], [0, 0], [0, 0], [0, 0], [0, 0], [0, 0], [0, 0], [0, 0], [0, 0], [0, 3, 1, 0]]",148,0.10835886001586914
5,20,0.25,10,milp,1,[],-1,0.01585984230041504
5,20,0.25,10,milp,2,[],-1,0.014993906021118164
5,20,0.25,10,milp,3,[],-1,0.016744136810302734
5,20,0.25,10,milp,4,[],-1,0.01407480239868164
5,20,0.25,10,milp,5,[],-1,0.016466856002807617
5,20,0.25,10,ortools,1,"[[0, 4, 3, 1, 0], [0, 0], [0, 0], [0, 0], [0, 0], [0, 0], [0, 0], [0, 0], [0, 0], [0, 0], [0, 0], [0, 0], [0, 0], [0, 0], [0, 0], [0, 0], [0, 0], [0, 0], [0, 5, 0], [0, 2, 0]]",174,0.047853708267211914
5,20,0.25,10,ortools,2,"[[0, 0], [0, 3, 4, 1, 0], [0, 2, 5, 0], [0, 0], [0, 0], [0, 0], [0, 0], [0, 0], [0, 0], [0, 0], [0, 0], [0, 0], [0, 0], [0, 0], [0, 0], [0, 0], [0, 0], [0, 0], [0, 0], [0, 0]]",121,0.15671396255493164
5,20,0.25,10,ortools,3,"[[0, 0], [0, 1, 5, 4, 0], [0, 0], [0, 0], [0, 0], [0, 0], [0, 0], [0, 0], [0, 0], [0, 0], [0, 0], [0, 0], [0, 0], [0, 0], [0, 0], [0, 0], [0, 0], [0, 0], [0, 0], [0, 3, 2, 0]]",137,0.12682414054870605
5,20,0.25,10,ortools,4,"[[0, 0], [0, 0], [0, 0], [0, 0], [0, 0], [0, 0], [0, 0], [0, 0], [0, 0], [0, 0], [0, 0], [0, 0], [0, 0], [0, 0], [0, 0], [0, 0], [0, 0], [0, 0], [0, 1, 3, 2, 0], [0, 5, 4, 0]]",130,0.17964816093444824
5,20,0.25,10,ortools,5,"[[0, 0], [0, 1, 3, 0], [0, 0], [0, 0], [0, 0], [0, 0], [0, 0], [0, 0], [0, 0], [0, 0], [0, 0], [0, 0], [0, 0], [0, 0], [0, 0], [0, 0], [0, 0], [0, 0], [0, 0], [0, 4, 5, 2, 0]]",133,0.13563275337219238
5,20,0.25,30,milp,1,[],-1,0.012918949127197266
5,20,0.25,30,milp,2,[],-1,0.017870187759399414
5,20,0.25,30,milp,3,[],-1,0.01390981674194336
5,20,0.25,30,milp,4,[],-1,0.015504837036132812
5,20,0.25,30,milp,5,[],-1,0.04414176940917969
5,20,0.25,30,ortools,1,"[[0, 5, 0], [0, 1, 2, 0], [0, 0], [0, 0], [0, 0], [0, 0], [0, 0], [0, 0], [0, 0], [0, 0], [0, 0], [0, 0], [0, 0], [0, 0], [0, 0], [0, 0], [0, 0], [0, 0], [0, 0], [0, 3, 4, 0]]",109,0.2785379886627197
5,20,0.25,30,ortools,2,"[[0, 1, 0], [0, 2, 3, 5, 0], [0, 0], [0, 0], [0, 0], [0, 0], [0, 0], [0, 0], [0, 0], [0, 0], [0, 0], [0, 0], [0, 0], [0, 0], [0, 0], [0, 0], [0, 0], [0, 0], [0, 0], [0, 4, 0]]",80,0.18121075630187988
5,20,0.25,30,ortools,3,"[[0, 0], [0, 0], [0, 4, 3, 2, 5, 0], [0, 0], [0, 0], [0, 0], [0, 0], [0, 0], [0, 0], [0, 0], [0, 0], [0, 0], [0, 0], [0, 0], [0, 0], [0, 0], [0, 0], [0, 0], [0, 0], [0, 1, 0]]",197,0.19475507736206055
5,20,0.25,30,ortools,4,"[[0, 3, 4, 5, 2, 0], [0, 0], [0, 0], [0, 0], [0, 0], [0, 0], [0, 0], [0, 0], [0, 0], [0, 0], [0, 0], [0, 0], [0, 0], [0, 0], [0, 0], [0, 0], [0, 0], [0, 0], [0, 0], [0, 1, 0]]",314,0.09067511558532715
5,20,0.25,30,ortools,5,"[[0, 0], [0, 0], [0, 5, 0], [0, 2, 3, 0], [0, 0], [0, 0], [0, 0], [0, 0], [0, 0], [0, 0], [0, 0], [0, 0], [0, 0], [0, 0], [0, 0], [0, 0], [0, 0], [0, 0], [0, 0], [0, 1, 4, 0]]",132,0.029021024703979492
5,20,0.25,50,milp,1,[],-1,0.01627635955810547
5,20,0.25,50,milp,2,[],-1,0.01344919204711914
5,20,0.25,50,milp,3,[],-1,0.13044190406799316
5,20,0.25,50,milp,4,[],-1,0.018381118774414062
5,20,0.25,50,milp,5,[],-1,0.01544189453125
5,20,0.25,50,ortools,1,"[[0, 1, 2, 4, 0], [0, 0], [0, 5, 0], [0, 0], [0, 0], [0, 0], [0, 0], [0, 0], [0, 0], [0, 0], [0, 0], [0, 0], [0, 0], [0, 0], [0, 0], [0, 0], [0, 0], [0, 0], [0, 0], [0, 3, 0]]",78,0.029484033584594727
5,20,0.25,50,ortools,2,"[[0, 5, 0], [0, 3, 2, 0], [0, 1, 0], [0, 0], [0, 0], [0, 0], [0, 0], [0, 0], [0, 0], [0, 0], [0, 0], [0, 0], [0, 0], [0, 0], [0, 0], [0, 0], [0, 0], [0, 0], [0, 0], [0, 4, 0]]",105,0.02222275733947754
5,20,0.25,50,ortools,3,"[[0, 1, 3, 4, 0], [0, 0], [0, 0], [0, 0], [0, 0], [0, 0], [0, 0], [0, 0], [0, 0], [0, 0], [0, 0], [0, 0], [0, 0], [0, 0], [0, 0], [0, 0], [0, 0], [0, 0], [0, 0], [0, 5, 2, 0]]",152,0.1349930763244629
5,20,0.25,50,ortools,4,"[[0, 0], [0, 1, 4, 5, 3, 2, 0], [0, 0], [0, 0], [0, 0], [0, 0], [0, 0], [0, 0], [0, 0], [0, 0], [0, 0], [0, 0], [0, 0], [0, 0], [0, 0], [0, 0], [0, 0], [0, 0], [0, 0], [0, 0]]",73,0.2046971321105957
5,20,0.25,50,ortools,5,"[[0, 1, 0], [0, 2, 4, 3, 0], [0, 0], [0, 0], [0, 0], [0, 0], [0, 0], [0, 0], [0, 0], [0, 0], [0, 0], [0, 0], [0, 0], [0, 0], [0, 0], [0, 0], [0, 0], [0, 0], [0, 0], [0, 5, 0]]",486,0.03559112548828125
5,30,1.0,10,milp,1,[],-1,0.02548503875732422
5,30,1.0,10,milp,2,[],-1,0.018813133239746094
5,30,1.0,10,milp,3,[],-1,0.015140056610107422
5,30,1.0,10,milp,4,[],-1,0.01774883270263672
5,30,1.0,10,milp,5,[],-1,0.03688526153564453
5,30,1.0,10,ortools,1,"[[0, 0], [0, 2, 1, 5, 0], [0, 0], [0, 0], [0, 0], [0, 0], [0, 0], [0, 0], [0, 0], [0, 0], [0, 0], [0, 0], [0, 0], [0, 0], [0, 0], [0, 0], [0, 0], [0, 0], [0, 0], [0, 0], [0, 0], [0, 0], [0, 0], [0, 0], [0, 0], [0, 0], [0, 0], [0, 0], [0, 0], [0, 3, 4, 0]]",128,0.37453603744506836
5,30,1.0,10,ortools,2,"[[0, 4, 5, 3, 0], [0, 0], [0, 0], [0, 0], [0, 0], [0, 0], [0, 0], [0, 0], [0, 0], [0, 0], [0, 0], [0, 0], [0, 0], [0, 0], [0, 0], [0, 0], [0, 0], [0, 0], [0, 0], [0, 0], [0, 0], [0, 0], [0, 0], [0, 0], [0, 0], [0, 0], [0, 0], [0, 0], [0, 0], [0, 2, 1, 0]]",191,0.18544721603393555
5,30,1.0,10,ortools,3,"[[0, 2, 0], [0, 0], [0, 0], [0, 0], [0, 0], [0, 0], [0, 0], [0, 0], [0, 0], [0, 0], [0, 0], [0, 0], [0, 0], [0, 0], [0, 0], [0, 0], [0, 0], [0, 0], [0, 0], [0, 0], [0, 0], [0, 0], [0, 0], [0, 0], [0, 0], [0, 0], [0, 0], [0, 0], [0, 5, 3, 0], [0, 4, 1, 0]]",280,0.20469188690185547
5,30,1.0,10,ortools,4,"[[0, 0], [0, 3, 4, 1, 0], [0, 0], [0, 0], [0, 0], [0, 0], [0, 0], [0, 0], [0, 0], [0, 0], [0, 0], [0, 0], [0, 0], [0, 0], [0, 0], [0, 0], [0, 0], [0, 0], [0, 0], [0, 0], [0, 0], [0, 0], [0, 0], [0, 0], [0, 0], [0, 0], [0, 0], [0, 0], [0, 0], [0, 5, 2, 0]]",202,0.1727759838104248
5,30,1.0,10,ortools,5,"[[0, 0], [0, 4, 1, 3, 5, 0], [0, 0], [0, 2, 0], [0, 0], [0, 0], [0, 0], [0, 0], [0, 0], [0, 0], [0, 0], [0, 0], [0, 0], [0, 0], [0, 0], [0, 0], [0, 0], [0, 0], [0, 0], [0, 0], [0, 0], [0, 0], [0, 0], [0, 0], [0, 0], [0, 0], [0, 0], [0, 0], [0, 0], [0, 0]]",176,0.23518586158752441
5,30,1.0,30,milp,1,[],-1,0.03704500198364258
5,30,1.0,30,milp,2,[],-1,0.02519989013671875
5,30,1.0,30,milp,3,[],-1,0.01877880096435547
5,30,1.0,30,milp,4,[],-1,0.019198894500732422
5,30,1.0,30,milp,5,[],-1,0.027711153030395508
5,30,1.0,30,ortools,1,"[[0, 0], [0, 3, 5, 0], [0, 4, 2, 1, 0], [0, 0], [0, 0], [0, 0], [0, 0], [0, 0], [0, 0], [0, 0], [0, 0], [0, 0], [0, 0], [0, 0], [0, 0], [0, 0], [0, 0], [0, 0], [0, 0], [0, 0], [0, 0], [0, 0], [0, 0], [0, 0], [0, 0], [0, 0], [0, 0], [0, 0], [0, 0], [0, 0]]",112,0.18062305450439453
5,30,1.0,30,ortools,2,"[[0, 4, 5, 3, 0], [0, 0], [0, 0], [0, 0], [0, 0], [0, 0], [0, 0], [0, 0], [0, 0], [0, 0], [0, 0], [0, 0], [0, 0], [0, 0], [0, 0], [0, 0], [0, 0], [0, 0], [0, 0], [0, 0], [0, 0], [0, 0], [0, 0], [0, 0], [0, 0], [0, 0], [0, 0], [0, 0], [0, 1, 0], [0, 2, 0]]",442,0.16859698295593262
5,30,1.0,30,ortools,3,"[[0, 0], [0, 0], [0, 0], [0, 0], [0, 0], [0, 0], [0, 0], [0, 0], [0, 0], [0, 0], [0, 0], [0, 0], [0, 0], [0, 0], [0, 0], [0, 0], [0, 0], [0, 0], [0, 0], [0, 0], [0, 0], [0, 0], [0, 0], [0, 0], [0, 0], [0, 0], [0, 0], [0, 0], [0, 2, 1, 0], [0, 3, 4, 5, 0]]",162,0.1506960391998291
5,30,1.0,30,ortools,4,"[[0, 0], [0, 3, 5, 4, 0], [0, 0], [0, 0], [0, 0], [0, 0], [0, 0], [0, 0], [0, 0], [0, 0], [0, 0], [0, 0], [0, 0], [0, 0], [0, 0], [0, 0], [0, 0], [0, 0], [0, 0], [0, 0], [0, 0], [0, 0], [0, 0], [0, 0], [0, 0], [0, 0], [0, 0], [0, 0], [0, 0], [0, 2, 1, 0]]",155,0.20116305351257324
5,30,1.0,30,ortools,5,"[[0, 1, 3, 5, 0], [0, 0], [0, 0], [0, 0], [0, 0], [0, 0], [0, 0], [0, 0], [0, 0], [0, 0], [0, 0], [0, 0], [0, 0], [0, 0], [0, 0], [0, 0], [0, 0], [0, 0], [0, 0], [0, 0], [0, 0], [0, 0], [0, 0], [0, 0], [0, 0], [0, 0], [0, 0], [0, 0], [0, 0], [0, 2, 4, 0]]",212,0.10754728317260742
5,30,1.0,50,milp,1,[],-1,0.017930030822753906
5,30,1.0,50,milp,2,[],-1,0.021383047103881836
5,30,1.0,50,milp,3,[],-1,0.04439806938171387
5,30,1.0,50,milp,4,[],-1,0.05073094367980957
5,30,1.0,50,milp,5,[],-1,0.0970609188079834
5,30,1.0,50,ortools,1,"[[0, 3, 1, 0], [0, 0], [0, 0], [0, 0], [0, 0], [0, 0], [0, 0], [0, 0], [0, 0], [0, 0], [0, 0], [0, 0], [0, 0], [0, 0], [0, 0], [0, 0], [0, 0], [0, 0], [0, 0], [0, 0], [0, 0], [0, 0], [0, 0], [0, 0], [0, 0], [0, 0], [0, 0], [0, 0], [0, 0], [0, 2, 4, 5, 0]]",115,0.33869075775146484
5,30,1.0,50,ortools,2,"[[0, 0], [0, 0], [0, 0], [0, 0], [0, 0], [0, 0], [0, 0], [0, 0], [0, 0], [0, 0], [0, 0], [0, 0], [0, 0], [0, 0], [0, 0], [0, 0], [0, 0], [0, 0], [0, 0], [0, 0], [0, 0], [0, 0], [0, 0], [0, 0], [0, 0], [0, 0], [0, 0], [0, 0], [0, 3, 5, 1, 0], [0, 4, 2, 0]]",198,0.09648895263671875
5,30,1.0,50,ortools,3,"[[0, 0], [0, 1, 5, 2, 0], [0, 0], [0, 0], [0, 0], [0, 0], [0, 0], [0, 0], [0, 0], [0, 0], [0, 0], [0, 0], [0, 0], [0, 0], [0, 0], [0, 0], [0, 0], [0, 0], [0, 0], [0, 0], [0, 0], [0, 0], [0, 0], [0, 0], [0, 0], [0, 0], [0, 0], [0, 0], [0, 3, 4, 0], [0, 0]]",106,0.1459028720855713
5,30,1.0,50,ortools,4,"[[0, 0], [0, 0], [0, 0], [0, 0], [0, 0], [0, 0], [0, 0], [0, 0], [0, 0], [0, 0], [0, 0], [0, 0], [0, 0], [0, 0], [0, 0], [0, 0], [0, 0], [0, 0], [0, 0], [0, 0], [0, 0], [0, 0], [0, 0], [0, 0], [0, 0], [0, 0], [0, 0], [0, 0], [0, 4, 5, 0], [0, 1, 3, 2, 0]]",132,0.3613700866699219
5,30,1.0,50,ortools,5,"[[0, 0], [0, 2, 0], [0, 0], [0, 0], [0, 0], [0, 0], [0, 0], [0, 0], [0, 0], [0, 0], [0, 0], [0, 0], [0, 0], [0, 0], [0, 0], [0, 0], [0, 0], [0, 0], [0, 0], [0, 0], [0, 0], [0, 0], [0, 0], [0, 0], [0, 0], [0, 0], [0, 0], [0, 0], [0, 3, 5, 0], [0, 4, 1, 0]]",135,0.10709500312805176
5,30,0.75,10,milp,1,[],-1,0.046991825103759766
5,30,0.75,10,milp,2,[],-1,0.030004024505615234
5,30,0.75,10,milp,3,[],-1,0.018815994262695312
5,30,0.75,10,milp,4,[],-1,0.030910015106201172
5,30,0.75,10,milp,5,[],-1,0.02538609504699707
5,30,0.75,10,ortools,1,"[[0, 2, 1, 3, 0], [0, 0], [0, 0], [0, 0], [0, 0], [0, 0], [0, 0], [0, 0], [0, 0], [0, 0], [0, 0], [0, 0], [0, 0], [0, 0], [0, 0], [0, 0], [0, 0], [0, 0], [0, 0], [0, 0], [0, 0], [0, 0], [0, 0], [0, 0], [0, 0], [0, 0], [0, 0], [0, 0], [0, 0], [0, 4, 5, 0]]",156,0.2142786979675293
5,30,0.75,10,ortools,2,"[[0, 0], [0, 1, 0], [0, 0], [0, 0], [0, 0], [0, 0], [0, 0], [0, 0], [0, 0], [0, 0], [0, 0], [0, 0], [0, 0], [0, 0], [0, 0], [0, 0], [0, 0], [0, 0], [0, 0], [0, 0], [0, 0], [0, 0], [0, 0], [0, 0], [0, 0], [0, 0], [0, 0], [0, 0], [0, 2, 4, 5, 3, 0], [0, 0]]",139,0.374542236328125
5,30,0.75,10,ortools,3,"[[0, 1, 0], [0, 2, 0], [0, 0], [0, 0], [0, 0], [0, 0], [0, 0], [0, 0], [0, 0], [0, 0], [0, 0], [0, 0], [0, 0], [0, 0], [0, 0], [0, 0], [0, 0], [0, 0], [0, 0], [0, 0], [0, 0], [0, 0], [0, 0], [0, 0], [0, 0], [0, 0], [0, 0], [0, 0], [0, 3, 5, 4, 0], [0, 0]]",338,0.2528059482574463
5,30,0.75,10,ortools,4,"[[0, 0], [0, 3, 2, 1, 0], [0, 0], [0, 0], [0, 0], [0, 0], [0, 0], [0, 0], [0, 0], [0, 0], [0, 0], [0, 0], [0, 0], [0, 0], [0, 0], [0, 0], [0, 0], [0, 0], [0, 0], [0, 0], [0, 0], [0, 0], [0, 0], [0, 0], [0, 0], [0, 0], [0, 0], [0, 0], [0, 0], [0, 5, 4, 0]]",124,0.18956494331359863
5,30,0.75,10,ortools,5,"[[0, 2, 4, 0], [0, 0], [0, 0], [0, 0], [0, 0], [0, 0], [0, 0], [0, 0], [0, 0], [0, 0], [0, 0], [0, 0], [0, 0], [0, 0], [0, 0], [0, 0], [0, 0], [0, 0], [0, 0], [0, 0], [0, 0], [0, 0], [0, 0], [0, 0], [0, 0], [0, 0], [0, 0], [0, 0], [0, 0], [0, 1, 5, 3, 0]]",136,0.11742997169494629
5,30,0.75,30,milp,1,[],-1,0.021469831466674805
5,30,0.75,30,milp,2,[],-1,0.13959908485412598
5,30,0.75,30,milp,3,[],-1,0.016106128692626953
5,30,0.75,30,milp,4,[],-1,0.017439842224121094
5,30,0.75,30,milp,5,[],-1,0.015014886856079102
5,30,0.75,30,ortools,1,"[[0, 1, 2, 0], [0, 0], [0, 0], [0, 0], [0, 0], [0, 0], [0, 0], [0, 0], [0, 0], [0, 0], [0, 0], [0, 0], [0, 0], [0, 0], [0, 0], [0, 0], [0, 0], [0, 0], [0, 0], [0, 0], [0, 0], [0, 0], [0, 0], [0, 0], [0, 0], [0, 0], [0, 0], [0, 0], [0, 0], [0, 3, 5, 4, 0]]",263,0.20295286178588867
5,30,0.75,30,ortools,2,"[[0, 0], [0, 0], [0, 0], [0, 0], [0, 0], [0, 0], [0, 0], [0, 0], [0, 0], [0, 0], [0, 0], [0, 0], [0, 0], [0, 0], [0, 0], [0, 0], [0, 0], [0, 0], [0, 0], [0, 0], [0, 0], [0, 0], [0, 0], [0, 0], [0, 0], [0, 0], [0, 0], [0, 0], [0, 1, 2, 0], [0, 3, 5, 4, 0]]",130,0.2525041103363037
5,30,0.75,30,ortools,3,"[[0, 0], [0, 0], [0, 3, 1, 0], [0, 0], [0, 0], [0, 0], [0, 0], [0, 0], [0, 0], [0, 0], [0, 0], [0, 0], [0, 0], [0, 0], [0, 0], [0, 0], [0, 0], [0, 0], [0, 0], [0, 0], [0, 0], [0, 0], [0, 0], [0, 0], [0, 0], [0, 0], [0, 0], [0, 0], [0, 0], [0, 2, 5, 4, 0]]",183,0.2727820873260498
5,30,0.75,30,ortools,4,"[[0, 5, 4, 3, 1, 0], [0, 0], [0, 0], [0, 0], [0, 0], [0, 0], [0, 0], [0, 0], [0, 0], [0, 0], [0, 0], [0, 0], [0, 0], [0, 0], [0, 0], [0, 0], [0, 0], [0, 0], [0, 0], [0, 0], [0, 0], [0, 0], [0, 0], [0, 0], [0, 0], [0, 0], [0, 0], [0, 0], [0, 2, 0], [0, 0]]",146,0.11873388290405273
5,30,0.75,30,ortools,5,"[[0, 1, 2, 4, 0], [0, 0], [0, 0], [0, 0], [0, 0], [0, 0], [0, 0], [0, 0], [0, 0], [0, 0], [0, 0], [0, 0], [0, 0], [0, 0], [0, 0], [0, 0], [0, 0], [0, 0], [0, 0], [0, 0], [0, 0], [0, 0], [0, 0], [0, 0], [0, 0], [0, 0], [0, 0], [0, 0], [0, 5, 0], [0, 3, 0]]",426,0.030419111251831055
5,30,0.75,50,milp,1,[],-1,0.019436120986938477
5,30,0.75,50,milp,2,[],-1,0.014641046524047852
5,30,0.75,50,milp,3,[],-1,0.028409242630004883
5,30,0.75,50,milp,4,[],-1,0.015537023544311523
5,30,0.75,50,milp,5,[],-1,0.07114195823669434
5,30,0.75,50,ortools,1,"[[0, 0], [0, 0], [0, 0], [0, 0], [0, 0], [0, 0], [0, 0], [0, 0], [0, 0], [0, 0], [0, 0], [0, 0], [0, 0], [0, 0], [0, 0], [0, 0], [0, 0], [0, 0], [0, 0], [0, 0], [0, 0], [0, 0], [0, 0], [0, 0], [0, 0], [0, 0], [0, 0], [0, 0], [0, 5, 3, 0], [0, 1, 4, 2, 0]]",196,0.31337881088256836
5,30,0.75,50,ortools,2,"[[0, 5, 0], [0, 0], [0, 0], [0, 0], [0, 0], [0, 0], [0, 0], [0, 0], [0, 0], [0, 0], [0, 0], [0, 0], [0, 0], [0, 0], [0, 0], [0, 0], [0, 0], [0, 0], [0, 0], [0, 0], [0, 0], [0, 0], [0, 0], [0, 0], [0, 0], [0, 0], [0, 0], [0, 0], [0, 3, 4, 0], [0, 2, 1, 0]]",183,0.10629510879516602
5,30,0.75,50,ortools,3,"[[0, 2, 1, 0], [0, 0], [0, 0], [0, 0], [0, 0], [0, 0], [0, 0], [0, 0], [0, 0], [0, 0], [0, 0], [0, 0], [0, 0], [0, 0], [0, 0], [0, 0], [0, 0], [0, 0], [0, 0], [0, 0], [0, 0], [0, 0], [0, 0], [0, 0], [0, 0], [0, 0], [0, 0], [0, 0], [0, 0], [0, 4, 5, 3, 0]]",299,0.2729618549346924
5,30,0.75,50,ortools,4,"[[0, 0], [0, 4, 2, 1, 0], [0, 3, 5, 0], [0, 0], [0, 0], [0, 0], [0, 0], [0, 0], [0, 0], [0, 0], [0, 0], [0, 0], [0, 0], [0, 0], [0, 0], [0, 0], [0, 0], [0, 0], [0, 0], [0, 0], [0, 0], [0, 0], [0, 0], [0, 0], [0, 0], [0, 0], [0, 0], [0, 0], [0, 0], [0, 0]]",122,0.22216439247131348
5,30,0.75,50,ortools,5,"[[0, 2, 5, 0], [0, 0], [0, 0], [0, 0], [0, 0], [0, 0], [0, 0], [0, 0], [0, 0], [0, 0], [0, 0], [0, 0], [0, 0], [0, 0], [0, 0], [0, 0], [0, 0], [0, 0], [0, 0], [0, 0], [0, 0], [0, 0], [0, 0], [0, 0], [0, 0], [0, 0], [0, 0], [0, 0], [0, 0], [0, 1, 3, 4, 0]]",128,0.09576916694641113
5,30,0.5,10,milp,1,[],-1,0.0187530517578125
5,30,0.5,10,milp,2,[],-1,0.017900705337524414
5,30,0.5,10,milp,3,[],-1,0.018039941787719727
5,30,0.5,10,milp,4,[],-1,0.01720714569091797
5,30,0.5,10,milp,5,[],-1,0.015032768249511719
5,30,0.5,10,ortools,1,"[[0, 0], [0, 0], [0, 4, 2, 5, 0], [0, 0], [0, 0], [0, 0], [0, 0], [0, 0], [0, 0], [0, 0], [0, 0], [0, 0], [0, 0], [0, 0], [0, 0], [0, 0], [0, 0], [0, 0], [0, 0], [0, 0], [0, 0], [0, 0], [0, 0], [0, 0], [0, 0], [0, 0], [0, 0], [0, 0], [0, 3, 0], [0, 1, 0]]",308,0.27167201042175293
5,30,0.5,10,ortools,2,"[[0, 5, 2, 1, 0], [0, 0], [0, 0], [0, 0], [0, 0], [0, 0], [0, 0], [0, 0], [0, 0], [0, 0], [0, 0], [0, 0], [0, 0], [0, 0], [0, 0], [0, 0], [0, 0], [0, 0], [0, 0], [0, 0], [0, 0], [0, 0], [0, 0], [0, 0], [0, 0], [0, 0], [0, 0], [0, 0], [0, 0], [0, 4, 3, 0]]",372,0.19116497039794922
5,30,0.5,10,ortools,3,"[[0, 0], [0, 0], [0, 0], [0, 0], [0, 0], [0, 0], [0, 0], [0, 0], [0, 0], [0, 0], [0, 0], [0, 0], [0, 0], [0, 0], [0, 0], [0, 0], [0, 0], [0, 0], [0, 0], [0, 0], [0, 0], [0, 0], [0, 0], [0, 0], [0, 0], [0, 0], [0, 0], [0, 0], [0, 1, 2, 0], [0, 5, 4, 3, 0]]",154,0.24605894088745117
5,30,0.5,10,ortools,4,"[[0, 0], [0, 0], [0, 0], [0, 5, 3, 0], [0, 0], [0, 0], [0, 0], [0, 0], [0, 0], [0, 0], [0, 0], [0, 0], [0, 0], [0, 0], [0, 0], [0, 0], [0, 0], [0, 0], [0, 0], [0, 0], [0, 0], [0, 0], [0, 0], [0, 0], [0, 0], [0, 0], [0, 0], [0, 0], [0, 4, 2, 1, 0], [0, 0]]",182,0.19754290580749512
5,30,0.5,10,ortools,5,"[[0, 0], [0, 3, 5, 4, 0], [0, 0], [0, 0], [0, 0], [0, 0], [0, 0], [0, 0], [0, 0], [0, 0], [0, 0], [0, 0], [0, 0], [0, 0], [0, 0], [0, 0], [0, 0], [0, 0], [0, 0], [0, 0], [0, 0], [0, 0], [0, 0], [0, 0], [0, 0], [0, 0], [0, 0], [0, 0], [0, 0], [0, 2, 1, 0]]",101,0.18837976455688477
5,30,0.5,30,milp,1,[],-1,0.01745295524597168
5,30,0.5,30,milp,2,[],-1,0.03670382499694824
5,30,0.5,30,milp,3,[],-1,0.046851158142089844
5,30,0.5,30,milp,4,[],-1,0.02637195587158203
5,30,0.5,30,milp,5,[],-1,0.030013084411621094
5,30,0.5,30,ortools,1,"[[0, 1, 3, 0], [0, 0], [0, 0], [0, 0], [0, 0], [0, 0], [0, 0], [0, 0], [0, 0], [0, 0], [0, 0], [0, 0], [0, 0], [0, 0], [0, 0], [0, 0], [0, 0], [0, 0], [0, 0], [0, 0], [0, 0], [0, 0], [0, 0], [0, 0], [0, 0], [0, 0], [0, 0], [0, 0], [0, 0], [0, 2, 4, 5, 0]]",237,0.16457223892211914
5,30,0.5,30,ortools,2,"[[0, 0], [0, 0], [0, 0], [0, 0], [0, 0], [0, 0], [0, 0], [0, 0], [0, 0], [0, 0], [0, 0], [0, 0], [0, 0], [0, 0], [0, 0], [0, 0], [0, 0], [0, 0], [0, 0], [0, 0], [0, 0], [0, 0], [0, 0], [0, 0], [0, 0], [0, 0], [0, 0], [0, 0], [0, 5, 4, 0], [0, 2, 3, 1, 0]]",148,0.1025998592376709
5,30,0.5,30,ortools,3,"[[0, 0], [0, 1, 2, 0], [0, 0], [0, 0], [0, 0], [0, 0], [0, 0], [0, 0], [0, 0], [0, 0], [0, 0], [0, 0], [0, 0], [0, 0], [0, 0], [0, 0], [0, 0], [0, 0], [0, 0], [0, 0], [0, 0], [0, 0], [0, 0], [0, 0], [0, 0], [0, 0], [0, 0], [0, 0], [0, 4, 5, 3, 0], [0, 0]]",164,0.18187499046325684
5,30,0.5,30,ortools,4,"[[0, 0], [0, 5, 0], [0, 0], [0, 0], [0, 0], [0, 0], [0, 0], [0, 0], [0, 0], [0, 0], [0, 0], [0, 0], [0, 0], [0, 0], [0, 0], [0, 0], [0, 0], [0, 0], [0, 0], [0, 0], [0, 0], [0, 0], [0, 0], [0, 0], [0, 0], [0, 0], [0, 0], [0, 0], [0, 0], [0, 1, 3, 4, 2, 0]]",134,0.11574792861938477
5,30,0.5,30,ortools,5,"[[0, 1, 2, 4, 0], [0, 0], [0, 0], [0, 0], [0, 0], [0, 0], [0, 0], [0, 0], [0, 0], [0, 0], [0, 0], [0, 0], [0, 0], [0, 0], [0, 0], [0, 0], [0, 0], [0, 0], [0, 0], [0, 0], [0, 0], [0, 0], [0, 0], [0, 0], [0, 0], [0, 0], [0, 0], [0, 0], [0, 0], [0, 3, 5, 0]]",337,0.17624115943908691
5,30,0.5,50,milp,1,[],-1,0.018090009689331055
5,30,0.5,50,milp,2,[],-1,0.03352999687194824
5,30,0.5,50,milp,3,[],-1,0.08044862747192383
5,30,0.5,50,milp,4,[],-1,0.18013477325439453
5,30,0.5,50,milp,5,[],-1,0.0436549186706543
5,30,0.5,50,ortools,1,"[[0, 0], [0, 0], [0, 0], [0, 0], [0, 0], [0, 0], [0, 0], [0, 0], [0, 0], [0, 0], [0, 0], [0, 0], [0, 0], [0, 0], [0, 0], [0, 0], [0, 0], [0, 0], [0, 0], [0, 0], [0, 0], [0, 0], [0, 0], [0, 0], [0, 0], [0, 0], [0, 0], [0, 0], [0, 1, 4, 5, 3, 2, 0], [0, 0]]",74,0.3438839912414551
5,30,0.5,50,ortools,2,"[[0, 1, 3, 0], [0, 0], [0, 0], [0, 0], [0, 0], [0, 0], [0, 0], [0, 0], [0, 0], [0, 0], [0, 0], [0, 0], [0, 0], [0, 0], [0, 0], [0, 0], [0, 0], [0, 0], [0, 0], [0, 0], [0, 0], [0, 0], [0, 0], [0, 0], [0, 0], [0, 0], [0, 0], [0, 0], [0, 0], [0, 2, 4, 5, 0]]",353,0.18941116333007812
5,30,0.5,50,ortools,3,"[[0, 1, 0], [0, 0], [0, 4, 0], [0, 0], [0, 0], [0, 0], [0, 0], [0, 0], [0, 0], [0, 0], [0, 0], [0, 0], [0, 0], [0, 0], [0, 0], [0, 0], [0, 0], [0, 0], [0, 0], [0, 0], [0, 0], [0, 0], [0, 0], [0, 0], [0, 0], [0, 0], [0, 0], [0, 0], [0, 0], [0, 5, 3, 2, 0]]",326,0.24567294120788574
5,30,0.5,50,ortools,4,"[[0, 0], [0, 0], [0, 0], [0, 0], [0, 0], [0, 0], [0, 0], [0, 0], [0, 0], [0, 0], [0, 0], [0, 0], [0, 0], [0, 0], [0, 0], [0, 0], [0, 0], [0, 0], [0, 0], [0, 0], [0, 0], [0, 0], [0, 0], [0, 0], [0, 0], [0, 0], [0, 0], [0, 0], [0, 2, 5, 0], [0, 3, 4, 1, 0]]",188,0.14779281616210938
5,30,0.5,50,ortools,5,"[[0, 0], [0, 1, 2, 3, 0], [0, 0], [0, 0], [0, 0], [0, 0], [0, 0], [0, 0], [0, 0], [0, 0], [0, 0], [0, 0], [0, 0], [0, 0], [0, 0], [0, 0], [0, 0], [0, 0], [0, 0], [0, 0], [0, 0], [0, 0], [0, 0], [0, 0], [0, 0], [0, 0], [0, 0], [0, 0], [0, 0], [0, 4, 5, 0]]",103,0.19311189651489258
5,30,0.25,10,milp,1,[],-1,0.020424842834472656
5,30,0.25,10,milp,2,[],-1,0.023270130157470703
5,30,0.25,10,milp,3,[],-1,0.023887157440185547
5,30,0.25,10,milp,4,[],-1,0.01779007911682129
5,30,0.25,10,milp,5,[],-1,0.019568920135498047
5,30,0.25,10,ortools,1,"[[0, 5, 4, 0], [0, 2, 3, 1, 0], [0, 0], [0, 0], [0, 0], [0, 0], [0, 0], [0, 0], [0, 0], [0, 0], [0, 0], [0, 0], [0, 0], [0, 0], [0, 0], [0, 0], [0, 0], [0, 0], [0, 0], [0, 0], [0, 0], [0, 0], [0, 0], [0, 0], [0, 0], [0, 0], [0, 0], [0, 0], [0, 0], [0, 0]]",310,0.3877389430999756
5,30,0.25,10,ortools,2,"[[0, 5, 0], [0, 3, 4, 1, 0], [0, 0], [0, 0], [0, 0], [0, 0], [0, 0], [0, 0], [0, 0], [0, 0], [0, 0], [0, 0], [0, 0], [0, 0], [0, 0], [0, 0], [0, 0], [0, 0], [0, 0], [0, 0], [0, 0], [0, 0], [0, 0], [0, 0], [0, 0], [0, 0], [0, 0], [0, 0], [0, 0], [0, 2, 0]]",414,0.06237196922302246
5,30,0.25,10,ortools,3,"[[0, 0], [0, 1, 2, 0], [0, 0], [0, 0], [0, 0], [0, 0], [0, 0], [0, 0], [0, 0], [0, 0], [0, 0], [0, 0], [0, 0], [0, 0], [0, 0], [0, 0], [0, 0], [0, 0], [0, 0], [0, 0], [0, 0], [0, 0], [0, 0], [0, 0], [0, 0], [0, 0], [0, 0], [0, 0], [0, 0], [0, 4, 5, 3, 0]]",250,0.5084531307220459
5,30,0.25,10,ortools,4,"[[0, 4, 1, 0], [0, 3, 2, 0], [0, 0], [0, 0], [0, 0], [0, 0], [0, 0], [0, 0], [0, 0], [0, 0], [0, 0], [0, 0], [0, 0], [0, 0], [0, 0], [0, 0], [0, 0], [0, 0], [0, 0], [0, 0], [0, 0], [0, 0], [0, 0], [0, 0], [0, 0], [0, 0], [0, 0], [0, 0], [0, 5, 0], [0, 0]]",402,0.1019752025604248
5,30,0.25,10,ortools,5,"[[0, 1, 2, 0], [0, 0], [0, 0], [0, 0], [0, 0], [0, 0], [0, 0], [0, 0], [0, 0], [0, 0], [0, 0], [0, 0], [0, 0], [0, 0], [0, 0], [0, 0], [0, 0], [0, 0], [0, 0], [0, 0], [0, 0], [0, 0], [0, 0], [0, 0], [0, 0], [0, 0], [0, 0], [0, 0], [0, 0], [0, 5, 4, 3, 0]]",119,0.1734790802001953
5,30,0.25,30,milp,1,[],-1,0.027617216110229492
5,30,0.25,30,milp,2,[],-1,0.02415919303894043
5,30,0.25,30,milp,3,[],-1,0.02234816551208496
5,30,0.25,30,milp,4,[],-1,0.02069401741027832
5,30,0.25,30,milp,5,[],-1,0.03673386573791504
5,30,0.25,30,ortools,1,"[[0, 0], [0, 2, 5, 3, 0], [0, 0], [0, 0], [0, 0], [0, 0], [0, 0], [0, 0], [0, 0], [0, 0], [0, 0], [0, 0], [0, 0], [0, 0], [0, 0], [0, 0], [0, 0], [0, 0], [0, 0], [0, 0], [0, 0], [0, 0], [0, 0], [0, 0], [0, 0], [0, 0], [0, 0], [0, 0], [0, 0], [0, 4, 1, 0]]",119,0.37403297424316406
5,30,0.25,30,ortools,2,"[[0, 4, 0], [0, 2, 5, 1, 0], [0, 0], [0, 0], [0, 0], [0, 0], [0, 0], [0, 0], [0, 0], [0, 0], [0, 0], [0, 0], [0, 0], [0, 0], [0, 0], [0, 0], [0, 0], [0, 0], [0, 0], [0, 0], [0, 0], [0, 0], [0, 0], [0, 0], [0, 0], [0, 0], [0, 0], [0, 0], [0, 0], [0, 3, 0]]",344,0.16091012954711914
5,30,0.25,30,ortools,3,"[[0, 0], [0, 1, 5, 4, 0], [0, 0], [0, 0], [0, 0], [0, 0], [0, 0], [0, 0], [0, 0], [0, 0], [0, 0], [0, 0], [0, 0], [0, 0], [0, 0], [0, 0], [0, 0], [0, 0], [0, 0], [0, 0], [0, 0], [0, 0], [0, 0], [0, 0], [0, 0], [0, 0], [0, 0], [0, 0], [0, 0], [0, 3, 2, 0]]",214,0.1321721076965332
5,30,0.25,30,ortools,4,"[[0, 1, 0], [0, 0], [0, 0], [0, 0], [0, 0], [0, 0], [0, 0], [0, 0], [0, 0], [0, 0], [0, 0], [0, 0], [0, 0], [0, 0], [0, 0], [0, 0], [0, 0], [0, 0], [0, 0], [0, 0], [0, 0], [0, 0], [0, 0], [0, 0], [0, 0], [0, 0], [0, 0], [0, 0], [0, 0], [0, 4, 5, 2, 3, 0]]",334,0.25952601432800293
5,30,0.25,30,ortools,5,"[[0, 0], [0, 4, 2, 1, 0], [0, 0], [0, 0], [0, 0], [0, 0], [0, 0], [0, 0], [0, 0], [0, 0], [0, 0], [0, 0], [0, 0], [0, 0], [0, 0], [0, 0], [0, 0], [0, 0], [0, 0], [0, 0], [0, 0], [0, 0], [0, 0], [0, 0], [0, 0], [0, 0], [0, 0], [0, 0], [0, 0], [0, 5, 3, 0]]",216,0.1394040584564209
5,30,0.25,50,milp,1,[],-1,0.018465042114257812
5,30,0.25,50,milp,2,[],-1,0.021537065505981445
5,30,0.25,50,milp,3,[],-1,0.03340601921081543
5,30,0.25,50,milp,4,[],-1,0.023865938186645508
5,30,0.25,50,milp,5,[],-1,0.026623010635375977
5,30,0.25,50,ortools,1,"[[0, 3, 1, 2, 0], [0, 0], [0, 0], [0, 0], [0, 0], [0, 0], [0, 0], [0, 0], [0, 0], [0, 0], [0, 0], [0, 0], [0, 0], [0, 0], [0, 0], [0, 0], [0, 0], [0, 0], [0, 0], [0, 0], [0, 0], [0, 0], [0, 0], [0, 0], [0, 0], [0, 0], [0, 0], [0, 0], [0, 0], [0, 5, 4, 0]]",265,0.2708759307861328
5,30,0.25,50,ortools,2,"[[0, 1, 0], [0, 0], [0, 0], [0, 0], [0, 0], [0, 0], [0, 0], [0, 0], [0, 0], [0, 0], [0, 0], [0, 0], [0, 0], [0, 0], [0, 0], [0, 0], [0, 0], [0, 0], [0, 0], [0, 0], [0, 0], [0, 0], [0, 0], [0, 0], [0, 0], [0, 0], [0, 0], [0, 0], [0, 0], [0, 2, 3, 5, 4, 0]]",145,0.22846102714538574
5,30,0.25,50,ortools,3,"[[0, 5, 3, 0], [0, 2, 0], [0, 1, 4, 0], [0, 0], [0, 0], [0, 0], [0, 0], [0, 0], [0, 0], [0, 0], [0, 0], [0, 0], [0, 0], [0, 0], [0, 0], [0, 0], [0, 0], [0, 0], [0, 0], [0, 0], [0, 0], [0, 0], [0, 0], [0, 0], [0, 0], [0, 0], [0, 0], [0, 0], [0, 0], [0, 0]]",86,0.030907154083251953
5,30,0.25,50,ortools,4,"[[0, 3, 4, 0], [0, 2, 1, 0], [0, 0], [0, 0], [0, 0], [0, 0], [0, 0], [0, 0], [0, 0], [0, 0], [0, 0], [0, 0], [0, 0], [0, 0], [0, 0], [0, 0], [0, 0], [0, 0], [0, 0], [0, 0], [0, 0], [0, 0], [0, 0], [0, 0], [0, 0], [0, 0], [0, 0], [0, 0], [0, 0], [0, 5, 0]]",86,0.026112079620361328
5,30,0.25,50,ortools,5,"[[0, 2, 1, 0], [0, 3, 0], [0, 5, 0], [0, 0], [0, 0], [0, 0], [0, 0], [0, 0], [0, 0], [0, 0], [0, 0], [0, 0], [0, 0], [0, 0], [0, 0], [0, 0], [0, 0], [0, 0], [0, 0], [0, 0], [0, 0], [0, 0], [0, 0], [0, 0], [0, 0], [0, 0], [0, 0], [0, 0], [0, 4, 0], [0, 0]]",648,0.04879117012023926
5,40,1.0,10,milp,1,[],-1,0.03492903709411621
5,40,1.0,10,milp,2,[],-1,0.031514883041381836
5,40,1.0,10,milp,3,[],-1,0.023866891860961914
5,40,1.0,10,milp,4,[],-1,0.042472124099731445
5,40,1.0,10,milp,5,[],-1,0.03004288673400879
5,40,1.0,10,ortools,1,"[[0, 0], [0, 0], [0, 0], [0, 0], [0, 0], [0, 0], [0, 0], [0, 0], [0, 0], [0, 0], [0, 0], [0, 0], [0, 0], [0, 0], [0, 0], [0, 0], [0, 0], [0, 0], [0, 0], [0, 0], [0, 0], [0, 0], [0, 0], [0, 0], [0, 0], [0, 0], [0, 0], [0, 0], [0, 0], [0, 0], [0, 0], [0, 0], [0, 0], [0, 0], [0, 0], [0, 0], [0, 0], [0, 0], [0, 5, 0], [0, 2, 4, 3, 1, 0]]",111,0.4755849838256836
5,40,1.0,10,ortools,2,"[[0, 4, 1, 3, 0], [0, 2, 5, 0], [0, 0], [0, 0], [0, 0], [0, 0], [0, 0], [0, 0], [0, 0], [0, 0], [0, 0], [0, 0], [0, 0], [0, 0], [0, 0], [0, 0], [0, 0], [0, 0], [0, 0], [0, 0], [0, 0], [0, 0], [0, 0], [0, 0], [0, 0], [0, 0], [0, 0], [0, 0], [0, 0], [0, 0], [0, 0], [0, 0], [0, 0], [0, 0], [0, 0], [0, 0], [0, 0], [0, 0], [0, 0], [0, 0]]",265,0.391618013381958
5,40,1.0,10,ortools,3,"[[0, 1, 4, 5, 0], [0, 0], [0, 0], [0, 0], [0, 0], [0, 0], [0, 0], [0, 0], [0, 0], [0, 0], [0, 0], [0, 0], [0, 0], [0, 0], [0, 0], [0, 0], [0, 0], [0, 0], [0, 0], [0, 0], [0, 0], [0, 0], [0, 0], [0, 0], [0, 0], [0, 0], [0, 0], [0, 0], [0, 0], [0, 0], [0, 0], [0, 0], [0, 0], [0, 0], [0, 0], [0, 0], [0, 0], [0, 0], [0, 0], [0, 3, 2, 0]]",165,0.24181008338928223
5,40,1.0,10,ortools,4,"[[0, 0], [0, 0], [0, 0], [0, 0], [0, 0], [0, 0], [0, 0], [0, 0], [0, 0], [0, 0], [0, 0], [0, 0], [0, 0], [0, 0], [0, 0], [0, 0], [0, 0], [0, 0], [0, 0], [0, 0], [0, 0], [0, 0], [0, 0], [0, 0], [0, 0], [0, 0], [0, 0], [0, 0], [0, 0], [0, 0], [0, 0], [0, 0], [0, 0], [0, 0], [0, 0], [0, 0], [0, 0], [0, 0], [0, 4, 1, 3, 0], [0, 5, 2, 0]]",152,0.4984138011932373
5,40,1.0,10,ortools,5,"[[0, 4, 5, 1, 0], [0, 2, 0], [0, 0], [0, 0], [0, 0], [0, 0], [0, 0], [0, 0], [0, 0], [0, 0], [0, 0], [0, 0], [0, 0], [0, 0], [0, 0], [0, 0], [0, 0], [0, 0], [0, 0], [0, 0], [0, 0], [0, 0], [0, 0], [0, 0], [0, 0], [0, 0], [0, 0], [0, 0], [0, 0], [0, 0], [0, 0], [0, 0], [0, 0], [0, 0], [0, 0], [0, 0], [0, 0], [0, 0], [0, 0], [0, 3, 0]]",399,0.4343588352203369
5,40,1.0,30,milp,1,[],-1,0.023498058319091797
5,40,1.0,30,milp,2,[],-1,0.020997047424316406
5,40,1.0,30,milp,3,[],-1,0.021476030349731445
5,40,1.0,30,milp,4,[],-1,0.018289804458618164
5,40,1.0,30,milp,5,[],-1,0.024562835693359375
5,40,1.0,30,ortools,1,"[[0, 1, 3, 0], [0, 0], [0, 0], [0, 0], [0, 0], [0, 0], [0, 0], [0, 0], [0, 0], [0, 0], [0, 0], [0, 0], [0, 0], [0, 0], [0, 0], [0, 0], [0, 0], [0, 0], [0, 0], [0, 0], [0, 0], [0, 0], [0, 0], [0, 0], [0, 0], [0, 0], [0, 0], [0, 0], [0, 0], [0, 0], [0, 0], [0, 0], [0, 0], [0, 0], [0, 0], [0, 0], [0, 0], [0, 0], [0, 0], [0, 4, 2, 5, 0]]",85,0.11625075340270996
5,40,1.0,30,ortools,2,"[[0, 4, 2, 3, 1, 0], [0, 0], [0, 0], [0, 0], [0, 0], [0, 0], [0, 0], [0, 0], [0, 0], [0, 0], [0, 0], [0, 0], [0, 0], [0, 0], [0, 0], [0, 0], [0, 0], [0, 0], [0, 0], [0, 0], [0, 0], [0, 0], [0, 0], [0, 0], [0, 0], [0, 0], [0, 0], [0, 0], [0, 0], [0, 0], [0, 0], [0, 0], [0, 0], [0, 0], [0, 0], [0, 0], [0, 0], [0, 0], [0, 0], [0, 5, 0]]",208,0.22867703437805176
5,40,1.0,30,ortools,3,"[[0, 0], [0, 2, 1, 0], [0, 0], [0, 0], [0, 0], [0, 0], [0, 0], [0, 0], [0, 0], [0, 0], [0, 0], [0, 0], [0, 0], [0, 0], [0, 0], [0, 0], [0, 0], [0, 0], [0, 0], [0, 0], [0, 0], [0, 0], [0, 0], [0, 0], [0, 0], [0, 0], [0, 0], [0, 0], [0, 0], [0, 0], [0, 0], [0, 0], [0, 0], [0, 0], [0, 0], [0, 0], [0, 0], [0, 0], [0, 0], [0, 5, 3, 4, 0]]",175,0.2718980312347412
5,40,1.0,30,ortools,4,"[[0, 0], [0, 0], [0, 0], [0, 0], [0, 0], [0, 0], [0, 0], [0, 0], [0, 0], [0, 0], [0, 0], [0, 0], [0, 0], [0, 0], [0, 0], [0, 0], [0, 0], [0, 0], [0, 0], [0, 0], [0, 0], [0, 0], [0, 0], [0, 0], [0, 0], [0, 0], [0, 0], [0, 0], [0, 0], [0, 0], [0, 0], [0, 0], [0, 0], [0, 0], [0, 0], [0, 0], [0, 0], [0, 0], [0, 1, 3, 0], [0, 2, 4, 5, 0]]",138,0.2595701217651367
5,40,1.0,30,ortools,5,"[[0, 1, 0], [0, 2, 0], [0, 0], [0, 0], [0, 0], [0, 0], [0, 0], [0, 0], [0, 0], [0, 0], [0, 0], [0, 0], [0, 0], [0, 0], [0, 0], [0, 0], [0, 0], [0, 0], [0, 0], [0, 0], [0, 0], [0, 0], [0, 0], [0, 0], [0, 0], [0, 0], [0, 0], [0, 0], [0, 0], [0, 0], [0, 0], [0, 0], [0, 0], [0, 0], [0, 0], [0, 0], [0, 0], [0, 0], [0, 5, 4, 3, 0], [0, 0]]",188,0.23614907264709473
5,40,1.0,50,milp,1,[],-1,0.018497943878173828
5,40,1.0,50,milp,2,[],-1,0.030932903289794922
5,40,1.0,50,milp,3,[],-1,0.02675795555114746
5,40,1.0,50,milp,4,[],-1,0.022893905639648438
5,40,1.0,50,milp,5,[],-1,0.019884109497070312
5,40,1.0,50,ortools,1,"[[0, 1, 3, 0], [0, 0], [0, 0], [0, 0], [0, 0], [0, 0], [0, 0], [0, 0], [0, 0], [0, 0], [0, 0], [0, 0], [0, 0], [0, 0], [0, 0], [0, 0], [0, 0], [0, 0], [0, 0], [0, 0], [0, 0], [0, 0], [0, 0], [0, 0], [0, 0], [0, 0], [0, 0], [0, 0], [0, 0], [0, 0], [0, 0], [0, 0], [0, 0], [0, 0], [0, 0], [0, 0], [0, 0], [0, 0], [0, 5, 4, 2, 0], [0, 0]]",162,0.26445889472961426
5,40,1.0,50,ortools,2,"[[0, 1, 2, 3, 0], [0, 0], [0, 0], [0, 0], [0, 0], [0, 0], [0, 0], [0, 0], [0, 0], [0, 0], [0, 0], [0, 0], [0, 0], [0, 0], [0, 0], [0, 0], [0, 0], [0, 0], [0, 0], [0, 0], [0, 0], [0, 0], [0, 0], [0, 0], [0, 0], [0, 0], [0, 0], [0, 0], [0, 0], [0, 0], [0, 0], [0, 0], [0, 0], [0, 0], [0, 0], [0, 0], [0, 0], [0, 0], [0, 0], [0, 4, 5, 0]]",334,0.10540914535522461
5,40,1.0,50,ortools,3,"[[0, 5, 4, 2, 0], [0, 3, 1, 0], [0, 0], [0, 0], [0, 0], [0, 0], [0, 0], [0, 0], [0, 0], [0, 0], [0, 0], [0, 0], [0, 0], [0, 0], [0, 0], [0, 0], [0, 0], [0, 0], [0, 0], [0, 0], [0, 0], [0, 0], [0, 0], [0, 0], [0, 0], [0, 0], [0, 0], [0, 0], [0, 0], [0, 0], [0, 0], [0, 0], [0, 0], [0, 0], [0, 0], [0, 0], [0, 0], [0, 0], [0, 0], [0, 0]]",314,0.1556870937347412
5,40,1.0,50,ortools,4,"[[0, 0], [0, 0], [0, 2, 1, 0], [0, 0], [0, 0], [0, 0], [0, 0], [0, 0], [0, 0], [0, 0], [0, 0], [0, 0], [0, 0], [0, 0], [0, 0], [0, 0], [0, 0], [0, 0], [0, 0], [0, 0], [0, 0], [0, 0], [0, 0], [0, 0], [0, 0], [0, 0], [0, 0], [0, 0], [0, 0], [0, 0], [0, 0], [0, 0], [0, 0], [0, 0], [0, 0], [0, 0], [0, 0], [0, 0], [0, 5, 0], [0, 4, 3, 0]]",138,0.04893302917480469
5,40,1.0,50,ortools,5,"[[0, 0], [0, 0], [0, 0], [0, 0], [0, 0], [0, 0], [0, 0], [0, 0], [0, 0], [0, 0], [0, 0], [0, 0], [0, 0], [0, 0], [0, 0], [0, 0], [0, 0], [0, 0], [0, 0], [0, 0], [0, 0], [0, 0], [0, 0], [0, 0], [0, 0], [0, 0], [0, 0], [0, 0], [0, 0], [0, 0], [0, 0], [0, 0], [0, 0], [0, 0], [0, 0], [0, 0], [0, 0], [0, 0], [0, 5, 0], [0, 1, 4, 2, 3, 0]]",144,0.2539069652557373
5,40,0.75,10,milp,1,[],-1,0.02746868133544922
5,40,0.75,10,milp,2,[],-1,0.017069101333618164
5,40,0.75,10,milp,3,[],-1,0.02185511589050293
5,40,0.75,10,milp,4,[],-1,0.020973920822143555
5,40,0.75,10,milp,5,[],-1,0.034976959228515625
5,40,0.75,10,ortools,1,"[[0, 0], [0, 0], [0, 0], [0, 0], [0, 0], [0, 0], [0, 0], [0, 0], [0, 0], [0, 0], [0, 0], [0, 0], [0, 0], [0, 0], [0, 0], [0, 0], [0, 0], [0, 0], [0, 0], [0, 0], [0, 0], [0, 0], [0, 0], [0, 0], [0, 0], [0, 0], [0, 0], [0, 0], [0, 0], [0, 0], [0, 0], [0, 0], [0, 0], [0, 0], [0, 0], [0, 0], [0, 0], [0, 0], [0, 3, 5, 2, 0], [0, 4, 1, 0]]",145,0.3001258373260498
5,40,0.75,10,ortools,2,"[[0, 0], [0, 0], [0, 0], [0, 0], [0, 0], [0, 0], [0, 0], [0, 0], [0, 0], [0, 0], [0, 0], [0, 0], [0, 0], [0, 0], [0, 0], [0, 0], [0, 0], [0, 0], [0, 0], [0, 0], [0, 0], [0, 0], [0, 0], [0, 0], [0, 0], [0, 0], [0, 0], [0, 0], [0, 0], [0, 0], [0, 0], [0, 0], [0, 0], [0, 0], [0, 0], [0, 0], [0, 0], [0, 0], [0, 5, 4, 2, 0], [0, 1, 3, 0]]",166,0.2822129726409912
5,40,0.75,10,ortools,3,"[[0, 0], [0, 1, 4, 5, 0], [0, 3, 0], [0, 0], [0, 0], [0, 0], [0, 0], [0, 0], [0, 0], [0, 0], [0, 0], [0, 0], [0, 0], [0, 0], [0, 0], [0, 0], [0, 0], [0, 0], [0, 0], [0, 0], [0, 0], [0, 0], [0, 0], [0, 0], [0, 0], [0, 0], [0, 0], [0, 0], [0, 0], [0, 0], [0, 0], [0, 0], [0, 0], [0, 0], [0, 0], [0, 0], [0, 0], [0, 0], [0, 0], [0, 2, 0]]",294,0.7674980163574219
5,40,0.75,10,ortools,4,"[[0, 0], [0, 0], [0, 0], [0, 0], [0, 0], [0, 0], [0, 0], [0, 0], [0, 0], [0, 0], [0, 0], [0, 0], [0, 0], [0, 0], [0, 0], [0, 0], [0, 0], [0, 0], [0, 0], [0, 0], [0, 0], [0, 0], [0, 0], [0, 0], [0, 0], [0, 0], [0, 0], [0, 0], [0, 0], [0, 0], [0, 0], [0, 0], [0, 0], [0, 0], [0, 0], [0, 0], [0, 0], [0, 0], [0, 2, 3, 0], [0, 5, 4, 1, 0]]",98,0.34142112731933594
5,40,0.75,10,ortools,5,"[[0, 1, 3, 0], [0, 0], [0, 0], [0, 0], [0, 0], [0, 0], [0, 0], [0, 0], [0, 0], [0, 0], [0, 0], [0, 0], [0, 0], [0, 0], [0, 0], [0, 0], [0, 0], [0, 0], [0, 0], [0, 0], [0, 0], [0, 0], [0, 0], [0, 0], [0, 0], [0, 0], [0, 0], [0, 0], [0, 0], [0, 0], [0, 0], [0, 0], [0, 0], [0, 0], [0, 0], [0, 0], [0, 0], [0, 0], [0, 5, 0], [0, 2, 4, 0]]",448,0.31930088996887207
5,40,0.75,30,milp,1,[],-1,0.021538972854614258
5,40,0.75,30,milp,2,[],-1,0.022300004959106445
5,40,0.75,30,milp,3,[],-1,0.016971111297607422
5,40,0.75,30,milp,4,[],-1,0.020273923873901367
5,40,0.75,30,milp,5,[],-1,0.02466297149658203
5,40,0.75,30,ortools,1,"[[0, 0], [0, 0], [0, 1, 2, 0], [0, 0], [0, 0], [0, 0], [0, 0], [0, 0], [0, 0], [0, 0], [0, 0], [0, 0], [0, 0], [0, 0], [0, 0], [0, 0], [0, 0], [0, 0], [0, 0], [0, 0], [0, 0], [0, 0], [0, 0], [0, 0], [0, 0], [0, 0], [0, 0], [0, 0], [0, 0], [0, 0], [0, 0], [0, 0], [0, 0], [0, 0], [0, 0], [0, 0], [0, 0], [0, 0], [0, 0], [0, 4, 5, 3, 0]]",149,0.7432641983032227
5,40,0.75,30,ortools,2,"[[0, 0], [0, 5, 1, 0], [0, 0], [0, 0], [0, 0], [0, 0], [0, 0], [0, 0], [0, 0], [0, 0], [0, 0], [0, 0], [0, 0], [0, 0], [0, 0], [0, 0], [0, 0], [0, 0], [0, 0], [0, 0], [0, 0], [0, 0], [0, 0], [0, 0], [0, 0], [0, 0], [0, 0], [0, 0], [0, 0], [0, 0], [0, 0], [0, 0], [0, 0], [0, 0], [0, 0], [0, 0], [0, 0], [0, 0], [0, 0], [0, 2, 4, 3, 0]]",204,0.9950902462005615
5,40,0.75,30,ortools,3,"[[0, 0], [0, 0], [0, 0], [0, 0], [0, 0], [0, 0], [0, 0], [0, 0], [0, 0], [0, 0], [0, 0], [0, 0], [0, 0], [0, 0], [0, 0], [0, 0], [0, 0], [0, 0], [0, 0], [0, 0], [0, 0], [0, 0], [0, 0], [0, 0], [0, 0], [0, 0], [0, 0], [0, 0], [0, 0], [0, 0], [0, 0], [0, 0], [0, 0], [0, 0], [0, 0], [0, 0], [0, 0], [0, 0], [0, 3, 1, 5, 0], [0, 4, 2, 0]]",166,0.6832890510559082
5,40,0.75,30,ortools,4,"[[0, 1, 4, 2, 0], [0, 0], [0, 0], [0, 0], [0, 0], [0, 0], [0, 0], [0, 0], [0, 0], [0, 0], [0, 0], [0, 0], [0, 0], [0, 0], [0, 0], [0, 0], [0, 0], [0, 0], [0, 0], [0, 0], [0, 0], [0, 0], [0, 0], [0, 0], [0, 0], [0, 0], [0, 0], [0, 0], [0, 0], [0, 0], [0, 0], [0, 0], [0, 0], [0, 0], [0, 0], [0, 0], [0, 0], [0, 0], [0, 5, 0], [0, 3, 0]]",288,0.1928877830505371
5,40,0.75,30,ortools,5,"[[0, 0], [0, 1, 3, 0], [0, 0], [0, 0], [0, 0], [0, 0], [0, 0], [0, 0], [0, 0], [0, 0], [0, 0], [0, 0], [0, 0], [0, 0], [0, 0], [0, 0], [0, 0], [0, 0], [0, 0], [0, 0], [0, 0], [0, 0], [0, 0], [0, 0], [0, 0], [0, 0], [0, 0], [0, 0], [0, 0], [0, 0], [0, 0], [0, 0], [0, 0], [0, 0], [0, 0], [0, 0], [0, 0], [0, 0], [0, 0], [0, 2, 5, 4, 0]]",142,0.2193470001220703
5,40,0.75,50,milp,1,[],-1,0.021600008010864258
5,40,0.75,50,milp,2,[],-1,0.02276301383972168
5,40,0.75,50,milp,3,[],-1,0.01959395408630371
5,40,0.75,50,milp,4,[],-1,0.016748905181884766
5,40,0.75,50,milp,5,[],-1,0.022185087203979492
5,40,0.75,50,ortools,1,"[[0, 3, 2, 1, 0], [0, 0], [0, 0], [0, 0], [0, 0], [0, 0], [0, 0], [0, 0], [0, 0], [0, 0], [0, 0], [0, 0], [0, 0], [0, 0], [0, 0], [0, 0], [0, 0], [0, 0], [0, 0], [0, 0], [0, 0], [0, 0], [0, 0], [0, 0], [0, 0], [0, 0], [0, 0], [0, 0], [0, 0], [0, 0], [0, 0], [0, 0], [0, 0], [0, 0], [0, 0], [0, 0], [0, 0], [0, 0], [0, 5, 4, 0], [0, 0]]",244,0.3868870735168457
5,40,0.75,50,ortools,2,"[[0, 2, 3, 0], [0, 5, 4, 1, 0], [0, 0], [0, 0], [0, 0], [0, 0], [0, 0], [0, 0], [0, 0], [0, 0], [0, 0], [0, 0], [0, 0], [0, 0], [0, 0], [0, 0], [0, 0], [0, 0], [0, 0], [0, 0], [0, 0], [0, 0], [0, 0], [0, 0], [0, 0], [0, 0], [0, 0], [0, 0], [0, 0], [0, 0], [0, 0], [0, 0], [0, 0], [0, 0], [0, 0], [0, 0], [0, 0], [0, 0], [0, 0], [0, 0]]",120,0.2682669162750244
5,40,0.75,50,ortools,3,"[[0, 1, 4, 2, 0], [0, 5, 0], [0, 0], [0, 0], [0, 0], [0, 0], [0, 0], [0, 0], [0, 0], [0, 0], [0, 0], [0, 0], [0, 0], [0, 0], [0, 0], [0, 0], [0, 0], [0, 0], [0, 0], [0, 0], [0, 0], [0, 0], [0, 0], [0, 0], [0, 0], [0, 0], [0, 0], [0, 0], [0, 0], [0, 0], [0, 0], [0, 0], [0, 0], [0, 0], [0, 0], [0, 0], [0, 0], [0, 0], [0, 0], [0, 3, 0]]",337,0.3330957889556885
5,40,0.75,50,ortools,4,"[[0, 4, 5, 3, 1, 0], [0, 0], [0, 0], [0, 0], [0, 0], [0, 0], [0, 0], [0, 0], [0, 0], [0, 0], [0, 0], [0, 0], [0, 0], [0, 0], [0, 0], [0, 0], [0, 0], [0, 0], [0, 0], [0, 0], [0, 0], [0, 0], [0, 0], [0, 0], [0, 0], [0, 0], [0, 0], [0, 0], [0, 0], [0, 0], [0, 0], [0, 0], [0, 0], [0, 0], [0, 0], [0, 0], [0, 0], [0, 0], [0, 0], [0, 2, 0]]",190,0.11711978912353516
5,40,0.75,50,ortools,5,"[[0, 0], [0, 3, 1, 0], [0, 0], [0, 0], [0, 0], [0, 0], [0, 0], [0, 0], [0, 0], [0, 0], [0, 0], [0, 0], [0, 0], [0, 0], [0, 0], [0, 0], [0, 0], [0, 0], [0, 0], [0, 0], [0, 0], [0, 0], [0, 0], [0, 0], [0, 0], [0, 0], [0, 0], [0, 0], [0, 0], [0, 0], [0, 0], [0, 0], [0, 0], [0, 0], [0, 0], [0, 0], [0, 0], [0, 0], [0, 0], [0, 4, 5, 2, 0]]",216,0.433560848236084
5,40,0.5,10,milp,1,[],-1,0.04296398162841797
5,40,0.5,10,milp,2,[],-1,0.03292417526245117
5,40,0.5,10,milp,3,[],-1,0.025964975357055664
5,40,0.5,10,milp,4,[],-1,0.021510839462280273
5,40,0.5,10,milp,5,[],-1,0.016837120056152344
5,40,0.5,10,ortools,1,"[[0, 0], [0, 4, 0], [0, 0], [0, 0], [0, 0], [0, 0], [0, 0], [0, 0], [0, 0], [0, 0], [0, 0], [0, 0], [0, 0], [0, 0], [0, 0], [0, 0], [0, 0], [0, 0], [0, 0], [0, 0], [0, 0], [0, 0], [0, 0], [0, 0], [0, 0], [0, 0], [0, 0], [0, 0], [0, 0], [0, 0], [0, 0], [0, 0], [0, 0], [0, 0], [0, 0], [0, 0], [0, 0], [0, 5, 0], [0, 0], [0, 3, 1, 2, 0]]",234,0.14737629890441895
5,40,0.5,10,ortools,2,"[[0, 0], [0, 1, 2, 0], [0, 0], [0, 0], [0, 0], [0, 0], [0, 0], [0, 0], [0, 0], [0, 0], [0, 0], [0, 0], [0, 0], [0, 0], [0, 0], [0, 0], [0, 0], [0, 0], [0, 0], [0, 0], [0, 0], [0, 0], [0, 0], [0, 0], [0, 0], [0, 0], [0, 0], [0, 0], [0, 0], [0, 0], [0, 0], [0, 0], [0, 0], [0, 0], [0, 0], [0, 0], [0, 0], [0, 0], [0, 0], [0, 3, 4, 5, 0]]",157,0.288769006729126
5,40,0.5,10,ortools,3,"[[0, 0], [0, 4, 0], [0, 5, 2, 3, 0], [0, 0], [0, 0], [0, 0], [0, 0], [0, 0], [0, 0], [0, 0], [0, 0], [0, 0], [0, 0], [0, 0], [0, 0], [0, 0], [0, 0], [0, 0], [0, 0], [0, 0], [0, 0], [0, 0], [0, 0], [0, 0], [0, 0], [0, 0], [0, 0], [0, 0], [0, 0], [0, 0], [0, 0], [0, 0], [0, 0], [0, 0], [0, 0], [0, 0], [0, 0], [0, 0], [0, 0], [0, 1, 0]]",344,0.22655892372131348
5,40,0.5,10,ortools,4,"[[0, 0], [0, 0], [0, 2, 1, 0], [0, 0], [0, 0], [0, 0], [0, 0], [0, 0], [0, 0], [0, 0], [0, 0], [0, 0], [0, 0], [0, 0], [0, 0], [0, 0], [0, 0], [0, 0], [0, 0], [0, 0], [0, 0], [0, 0], [0, 0], [0, 0], [0, 0], [0, 0], [0, 0], [0, 0], [0, 0], [0, 0], [0, 0], [0, 0], [0, 0], [0, 0], [0, 0], [0, 0], [0, 0], [0, 0], [0, 0], [0, 3, 5, 4, 0]]",129,0.14026975631713867
5,40,0.5,10,ortools,5,"[[0, 0], [0, 3, 5, 1, 0], [0, 0], [0, 0], [0, 0], [0, 0], [0, 0], [0, 0], [0, 0], [0, 0], [0, 0], [0, 0], [0, 0], [0, 0], [0, 0], [0, 0], [0, 0], [0, 0], [0, 0], [0, 0], [0, 0], [0, 0], [0, 0], [0, 0], [0, 0], [0, 0], [0, 0], [0, 0], [0, 0], [0, 0], [0, 0], [0, 0], [0, 0], [0, 0], [0, 0], [0, 0], [0, 0], [0, 0], [0, 0], [0, 2, 4, 0]]",173,0.19939804077148438
5,40,0.5,30,milp,1,[],-1,0.02083301544189453
5,40,0.5,30,milp,2,[],-1,0.019449949264526367
5,40,0.5,30,milp,3,[],-1,0.025836944580078125
5,40,0.5,30,milp,4,[],-1,0.026918888092041016
5,40,0.5,30,milp,5,[],-1,0.018704891204833984
5,40,0.5,30,ortools,1,"[[0, 0], [0, 0], [0, 0], [0, 0], [0, 0], [0, 0], [0, 0], [0, 0], [0, 0], [0, 0], [0, 0], [0, 0], [0, 0], [0, 0], [0, 0], [0, 0], [0, 0], [0, 0], [0, 0], [0, 0], [0, 0], [0, 0], [0, 0], [0, 0], [0, 0], [0, 0], [0, 0], [0, 0], [0, 0], [0, 0], [0, 0], [0, 0], [0, 0], [0, 0], [0, 0], [0, 0], [0, 0], [0, 0], [0, 0], [0, 2, 3, 1, 4, 5, 0]]",106,0.42810702323913574
5,40,0.5,30,ortools,2,"[[0, 0], [0, 0], [0, 5, 3, 0], [0, 0], [0, 0], [0, 0], [0, 0], [0, 0], [0, 0], [0, 0], [0, 0], [0, 0], [0, 0], [0, 0], [0, 0], [0, 0], [0, 0], [0, 0], [0, 0], [0, 0], [0, 0], [0, 0], [0, 0], [0, 0], [0, 0], [0, 0], [0, 0], [0, 0], [0, 0], [0, 0], [0, 0], [0, 0], [0, 0], [0, 0], [0, 0], [0, 0], [0, 0], [0, 0], [0, 0], [0, 1, 4, 2, 0]]",146,0.2770040035247803
5,40,0.5,30,ortools,3,"[[0, 0], [0, 2, 1, 0], [0, 0], [0, 0], [0, 0], [0, 0], [0, 0], [0, 0], [0, 0], [0, 0], [0, 0], [0, 0], [0, 0], [0, 0], [0, 0], [0, 0], [0, 0], [0, 0], [0, 0], [0, 0], [0, 0], [0, 0], [0, 0], [0, 0], [0, 0], [0, 0], [0, 0], [0, 0], [0, 0], [0, 0], [0, 0], [0, 0], [0, 0], [0, 0], [0, 0], [0, 0], [0, 0], [0, 0], [0, 4, 5, 3, 0], [0, 0]]",146,0.202498197555542
5,40,0.5,30,ortools,4,"[[0, 1, 2, 0], [0, 0], [0, 0], [0, 0], [0, 0], [0, 0], [0, 0], [0, 0], [0, 0], [0, 0], [0, 0], [0, 0], [0, 0], [0, 0], [0, 0], [0, 0], [0, 0], [0, 0], [0, 0], [0, 0], [0, 0], [0, 0], [0, 0], [0, 0], [0, 0], [0, 0], [0, 0], [0, 0], [0, 0], [0, 0], [0, 0], [0, 0], [0, 0], [0, 0], [0, 0], [0, 0], [0, 0], [0, 0], [0, 0], [0, 3, 5, 4, 0]]",88,0.15727686882019043
5,40,0.5,30,ortools,5,"[[0, 2, 3, 1, 0], [0, 0], [0, 0], [0, 0], [0, 0], [0, 0], [0, 0], [0, 0], [0, 0], [0, 0], [0, 0], [0, 0], [0, 0], [0, 0], [0, 0], [0, 0], [0, 0], [0, 0], [0, 0], [0, 0], [0, 0], [0, 0], [0, 0], [0, 0], [0, 0], [0, 0], [0, 0], [0, 0], [0, 0], [0, 0], [0, 0], [0, 0], [0, 0], [0, 0], [0, 0], [0, 0], [0, 0], [0, 0], [0, 0], [0, 4, 5, 0]]",315,0.22207999229431152
5,40,0.5,50,milp,1,[],-1,0.01645183563232422
5,40,0.5,50,milp,2,[],-1,0.02166295051574707
5,40,0.5,50,milp,3,[],-1,0.016235828399658203
5,40,0.5,50,milp,4,[],-1,0.019921064376831055
5,40,0.5,50,milp,5,[],-1,0.028229236602783203
5,40,0.5,50,ortools,1,"[[0, 5, 0], [0, 2, 3, 0], [0, 0], [0, 0], [0, 0], [0, 0], [0, 0], [0, 0], [0, 0], [0, 0], [0, 0], [0, 0], [0, 0], [0, 0], [0, 0], [0, 0], [0, 0], [0, 0], [0, 0], [0, 0], [0, 0], [0, 0], [0, 0], [0, 0], [0, 0], [0, 0], [0, 0], [0, 0], [0, 0], [0, 0], [0, 0], [0, 0], [0, 0], [0, 0], [0, 0], [0, 0], [0, 0], [0, 0], [0, 0], [0, 1, 4, 0]]",396,0.05479097366333008
5,40,0.5,50,ortools,2,"[[0, 0], [0, 1, 2, 0], [0, 5, 4, 3, 0], [0, 0], [0, 0], [0, 0], [0, 0], [0, 0], [0, 0], [0, 0], [0, 0], [0, 0], [0, 0], [0, 0], [0, 0], [0, 0], [0, 0], [0, 0], [0, 0], [0, 0], [0, 0], [0, 0], [0, 0], [0, 0], [0, 0], [0, 0], [0, 0], [0, 0], [0, 0], [0, 0], [0, 0], [0, 0], [0, 0], [0, 0], [0, 0], [0, 0], [0, 0], [0, 0], [0, 0], [0, 0]]",138,0.5240447521209717
5,40,0.5,50,ortools,3,"[[0, 0], [0, 1, 2, 4, 3, 0], [0, 0], [0, 0], [0, 0], [0, 0], [0, 0], [0, 0], [0, 0], [0, 0], [0, 0], [0, 0], [0, 0], [0, 0], [0, 0], [0, 0], [0, 0], [0, 0], [0, 0], [0, 0], [0, 0], [0, 0], [0, 0], [0, 0], [0, 0], [0, 0], [0, 0], [0, 0], [0, 0], [0, 0], [0, 0], [0, 0], [0, 0], [0, 0], [0, 0], [0, 0], [0, 0], [0, 0], [0, 0], [0, 5, 0]]",254,0.17204594612121582
5,40,0.5,50,ortools,4,"[[0, 3, 2, 1, 0], [0, 0], [0, 0], [0, 0], [0, 0], [0, 0], [0, 0], [0, 0], [0, 0], [0, 0], [0, 0], [0, 0], [0, 0], [0, 0], [0, 0], [0, 0], [0, 0], [0, 0], [0, 0], [0, 0], [0, 0], [0, 0], [0, 0], [0, 0], [0, 0], [0, 0], [0, 0], [0, 0], [0, 0], [0, 0], [0, 0], [0, 0], [0, 0], [0, 0], [0, 0], [0, 0], [0, 0], [0, 0], [0, 0], [0, 4, 5, 0]]",352,0.14851999282836914
5,40,0.5,50,ortools,5,"[[0, 0], [0, 0], [0, 1, 2, 5, 0], [0, 0], [0, 0], [0, 0], [0, 0], [0, 0], [0, 0], [0, 0], [0, 0], [0, 0], [0, 0], [0, 0], [0, 0], [0, 0], [0, 0], [0, 0], [0, 0], [0, 0], [0, 0], [0, 0], [0, 0], [0, 0], [0, 0], [0, 0], [0, 0], [0, 0], [0, 0], [0, 0], [0, 0], [0, 0], [0, 0], [0, 0], [0, 0], [0, 0], [0, 0], [0, 0], [0, 0], [0, 4, 3, 0]]",162,0.2840867042541504
5,40,0.25,10,milp,1,[],-1,0.02077317237854004
5,40,0.25,10,milp,2,[],-1,0.01796698570251465
5,40,0.25,10,milp,3,[],-1,0.02177596092224121
5,40,0.25,10,milp,4,[],-1,0.05610513687133789
5,40,0.25,10,milp,5,[],-1,0.024837970733642578
5,40,0.25,10,ortools,1,"[[0, 0], [0, 0], [0, 0], [0, 0], [0, 0], [0, 0], [0, 0], [0, 0], [0, 0], [0, 0], [0, 0], [0, 0], [0, 0], [0, 0], [0, 0], [0, 0], [0, 0], [0, 0], [0, 0], [0, 0], [0, 0], [0, 0], [0, 0], [0, 0], [0, 0], [0, 0], [0, 0], [0, 0], [0, 0], [0, 0], [0, 0], [0, 0], [0, 0], [0, 0], [0, 0], [0, 0], [0, 0], [0, 0], [0, 0], [0, 4, 5, 3, 1, 2, 0]]",82,0.22681808471679688
5,40,0.25,10,ortools,2,"[[0, 0], [0, 0], [0, 0], [0, 0], [0, 0], [0, 0], [0, 0], [0, 0], [0, 0], [0, 0], [0, 0], [0, 0], [0, 0], [0, 0], [0, 0], [0, 0], [0, 0], [0, 0], [0, 0], [0, 0], [0, 0], [0, 0], [0, 0], [0, 0], [0, 0], [0, 0], [0, 0], [0, 0], [0, 0], [0, 0], [0, 0], [0, 0], [0, 0], [0, 0], [0, 0], [0, 0], [0, 0], [0, 0], [0, 2, 5, 4, 0], [0, 3, 1, 0]]",133,0.2735769748687744
5,40,0.25,10,ortools,3,"[[0, 0], [0, 1, 3, 2, 0], [0, 0], [0, 0], [0, 0], [0, 0], [0, 0], [0, 0], [0, 0], [0, 0], [0, 0], [0, 0], [0, 0], [0, 0], [0, 0], [0, 0], [0, 0], [0, 0], [0, 0], [0, 0], [0, 0], [0, 0], [0, 0], [0, 0], [0, 0], [0, 0], [0, 0], [0, 0], [0, 0], [0, 0], [0, 0], [0, 0], [0, 0], [0, 0], [0, 0], [0, 0], [0, 0], [0, 0], [0, 0], [0, 4, 5, 0]]",178,0.43828296661376953
5,40,0.25,10,ortools,4,"[[0, 1, 2, 0], [0, 0], [0, 0], [0, 0], [0, 0], [0, 0], [0, 0], [0, 0], [0, 0], [0, 0], [0, 0], [0, 0], [0, 0], [0, 0], [0, 0], [0, 0], [0, 0], [0, 0], [0, 0], [0, 0], [0, 0], [0, 0], [0, 0], [0, 0], [0, 0], [0, 0], [0, 0], [0, 0], [0, 0], [0, 0], [0, 0], [0, 0], [0, 0], [0, 0], [0, 0], [0, 0], [0, 0], [0, 0], [0, 0], [0, 3, 4, 5, 0]]",121,0.1501331329345703
5,40,0.25,10,ortools,5,"[[0, 3, 1, 2, 4, 5, 0], [0, 0], [0, 0], [0, 0], [0, 0], [0, 0], [0, 0], [0, 0], [0, 0], [0, 0], [0, 0], [0, 0], [0, 0], [0, 0], [0, 0], [0, 0], [0, 0], [0, 0], [0, 0], [0, 0], [0, 0], [0, 0], [0, 0], [0, 0], [0, 0], [0, 0], [0, 0], [0, 0], [0, 0], [0, 0], [0, 0], [0, 0], [0, 0], [0, 0], [0, 0], [0, 0], [0, 0], [0, 0], [0, 0], [0, 0]]",86,0.14212298393249512
5,40,0.25,30,milp,1,[],-1,0.020604848861694336
5,40,0.25,30,milp,2,[],-1,0.1085047721862793
5,40,0.25,30,milp,3,[],-1,0.04666900634765625
5,40,0.25,30,milp,4,[],-1,0.0192410945892334
5,40,0.25,30,milp,5,[],-1,0.02799081802368164
5,40,0.25,30,ortools,1,"[[0, 2, 0], [0, 4, 0], [0, 3, 1, 0], [0, 0], [0, 0], [0, 0], [0, 0], [0, 0], [0, 0], [0, 0], [0, 0], [0, 0], [0, 0], [0, 0], [0, 0], [0, 0], [0, 0], [0, 0], [0, 0], [0, 0], [0, 0], [0, 0], [0, 0], [0, 0], [0, 0], [0, 0], [0, 0], [0, 0], [0, 0], [0, 0], [0, 0], [0, 0], [0, 0], [0, 0], [0, 0], [0, 0], [0, 0], [0, 0], [0, 0], [0, 5, 0]]",544,0.062254905700683594
5,40,0.25,30,ortools,2,"[[0, 1, 0], [0, 0], [0, 0], [0, 0], [0, 0], [0, 0], [0, 0], [0, 0], [0, 0], [0, 0], [0, 0], [0, 0], [0, 0], [0, 0], [0, 0], [0, 0], [0, 0], [0, 0], [0, 0], [0, 0], [0, 0], [0, 0], [0, 0], [0, 0], [0, 0], [0, 0], [0, 0], [0, 0], [0, 0], [0, 0], [0, 0], [0, 0], [0, 0], [0, 0], [0, 0], [0, 0], [0, 0], [0, 0], [0, 0], [0, 5, 2, 3, 4, 0]]",208,0.2917978763580322
5,40,0.25,30,ortools,3,"[[0, 0], [0, 1, 3, 2, 0], [0, 0], [0, 0], [0, 0], [0, 0], [0, 0], [0, 0], [0, 0], [0, 0], [0, 0], [0, 0], [0, 0], [0, 0], [0, 0], [0, 0], [0, 0], [0, 0], [0, 0], [0, 0], [0, 0], [0, 0], [0, 0], [0, 0], [0, 0], [0, 0], [0, 0], [0, 0], [0, 0], [0, 0], [0, 0], [0, 0], [0, 0], [0, 0], [0, 0], [0, 0], [0, 0], [0, 0], [0, 0], [0, 4, 5, 0]]",336,0.3306088447570801
5,40,0.25,30,ortools,4,"[[0, 0], [0, 1, 0], [0, 0], [0, 0], [0, 0], [0, 0], [0, 0], [0, 0], [0, 0], [0, 0], [0, 0], [0, 0], [0, 0], [0, 0], [0, 0], [0, 0], [0, 0], [0, 0], [0, 0], [0, 0], [0, 0], [0, 0], [0, 0], [0, 0], [0, 0], [0, 0], [0, 0], [0, 0], [0, 0], [0, 0], [0, 0], [0, 0], [0, 0], [0, 0], [0, 0], [0, 0], [0, 0], [0, 0], [0, 0], [0, 5, 4, 3, 2, 0]]",90,0.3839449882507324
5,40,0.25,30,ortools,5,"[[0, 4, 0], [0, 1, 3, 0], [0, 0], [0, 0], [0, 0], [0, 0], [0, 0], [0, 0], [0, 0], [0, 0], [0, 0], [0, 0], [0, 0], [0, 0], [0, 0], [0, 0], [0, 0], [0, 0], [0, 0], [0, 0], [0, 0], [0, 0], [0, 0], [0, 0], [0, 0], [0, 0], [0, 0], [0, 0], [0, 0], [0, 0], [0, 0], [0, 0], [0, 0], [0, 0], [0, 0], [0, 0], [0, 0], [0, 0], [0, 0], [0, 2, 0]]",157,0.02642202377319336
5,40,0.25,50,milp,1,[],-1,0.05476021766662598
5,40,0.25,50,milp,2,[],-1,0.025014162063598633
5,40,0.25,50,milp,3,[],-1,0.022077083587646484
5,40,0.25,50,milp,4,[],-1,0.03180193901062012
5,40,0.25,50,milp,5,[],-1,0.025709867477416992
5,40,0.25,50,ortools,1,"[[0, 1, 3, 4, 0], [0, 0], [0, 0], [0, 0], [0, 0], [0, 0], [0, 0], [0, 0], [0, 0], [0, 0], [0, 0], [0, 0], [0, 0], [0, 0], [0, 0], [0, 0], [0, 0], [0, 0], [0, 0], [0, 0], [0, 0], [0, 0], [0, 0], [0, 0], [0, 0], [0, 0], [0, 0], [0, 0], [0, 0], [0, 0], [0, 0], [0, 0], [0, 0], [0, 0], [0, 0], [0, 0], [0, 0], [0, 0], [0, 0], [0, 5, 2, 0]]",309,0.3197669982910156
5,40,0.25,50,ortools,2,"[[0, 0], [0, 0], [0, 0], [0, 0], [0, 0], [0, 0], [0, 0], [0, 0], [0, 0], [0, 0], [0, 0], [0, 0], [0, 0], [0, 0], [0, 0], [0, 0], [0, 0], [0, 0], [0, 0], [0, 0], [0, 0], [0, 0], [0, 0], [0, 0], [0, 0], [0, 0], [0, 0], [0, 0], [0, 0], [0, 0], [0, 0], [0, 0], [0, 0], [0, 0], [0, 0], [0, 0], [0, 0], [0, 0], [0, 0], [0, 1, 2, 5, 4, 3, 0]]",88,0.4653129577636719
5,40,0.25,50,ortools,3,"[[0, 1, 0], [0, 3, 0], [0, 5, 0], [0, 0], [0, 0], [0, 0], [0, 0], [0, 0], [0, 0], [0, 0], [0, 0], [0, 0], [0, 0], [0, 0], [0, 0], [0, 0], [0, 0], [0, 0], [0, 0], [0, 0], [0, 0], [0, 0], [0, 0], [0, 0], [0, 0], [0, 0], [0, 0], [0, 0], [0, 0], [0, 0], [0, 0], [0, 0], [0, 0], [0, 0], [0, 0], [0, 0], [0, 0], [0, 0], [0, 0], [0, 2, 4, 0]]",127,0.23035311698913574
5,40,0.25,50,ortools,4,"[[0, 5, 0], [0, 1, 0], [0, 2, 3, 0], [0, 0], [0, 0], [0, 0], [0, 0], [0, 0], [0, 0], [0, 0], [0, 0], [0, 0], [0, 0], [0, 0], [0, 0], [0, 0], [0, 0], [0, 0], [0, 0], [0, 0], [0, 0], [0, 0], [0, 0], [0, 0], [0, 0], [0, 0], [0, 0], [0, 0], [0, 0], [0, 0], [0, 0], [0, 0], [0, 0], [0, 0], [0, 0], [0, 0], [0, 0], [0, 0], [0, 0], [0, 4, 0]]",145,0.24632811546325684
5,40,0.25,50,ortools,5,"[[0, 0], [0, 1, 4, 5, 3, 2, 0], [0, 0], [0, 0], [0, 0], [0, 0], [0, 0], [0, 0], [0, 0], [0, 0], [0, 0], [0, 0], [0, 0], [0, 0], [0, 0], [0, 0], [0, 0], [0, 0], [0, 0], [0, 0], [0, 0], [0, 0], [0, 0], [0, 0], [0, 0], [0, 0], [0, 0], [0, 0], [0, 0], [0, 0], [0, 0], [0, 0], [0, 0], [0, 0], [0, 0], [0, 0], [0, 0], [0, 0], [0, 0], [0, 0]]",92,0.756382942199707
10,1,1.0,10,milp,1,"[[0, 1, 3, 5, 4, 2, 0]]",66.0,0.02473282814025879
10,1,1.0,10,milp,2,"[[0, 1, 2, 4, 5, 3, 0]]",82.0,0.15529704093933105
10,1,1.0,10,milp,3,"[[0, 2, 5, 4, 3, 1, 0]]",73.99999999999997,0.21442890167236328
10,1,1.0,10,milp,4,"[[0, 1, 3, 4, 2, 5, 0]]",83.99999999999999,0.06576776504516602
10,1,1.0,10,milp,5,"[[0, 5, 4, 1, 2, 3, 0]]",94.0,0.3721461296081543
10,1,1.0,10,ortools,1,"[[0, 1, 3, 5, 4, 2, 0]]",150,0.0382080078125
10,1,1.0,10,ortools,2,"[[0, 1, 2, 4, 5, 3, 0]]",150,0.03412818908691406
10,1,1.0,10,ortools,3,"[[0, 2, 5, 4, 3, 1, 0]]",162,0.03391885757446289
10,1,1.0,10,ortools,4,"[[0, 1, 3, 4, 2, 5, 0]]",168,0.10867881774902344
10,1,1.0,10,ortools,5,"[[0, 5, 4, 1, 2, 3, 0]]",144,0.04152393341064453
10,1,1.0,30,milp,1,"[[0, 3, 2, 4, 5, 1, 0]]",88.0,0.285938024520874
10,1,1.0,30,milp,2,"[[0, 1, 2, 3, 5, 4, 0]]",68.0,0.07636284828186035
10,1,1.0,30,milp,3,"[[0, 3, 2, 4, 5, 1, 0]]",90.0,0.11599993705749512
10,1,1.0,30,milp,4,"[[0, 4, 2, 3, 5, 1, 0]]",110.0,0.03681492805480957
10,1,1.0,30,milp,5,"[[0, 4, 5, 3, 1, 2, 0]]",80.0,0.08070087432861328
10,1,1.0,30,ortools,1,"[[0, 3, 2, 4, 5, 1, 0]]",174,0.019817829132080078
10,1,1.0,30,ortools,2,"[[0, 1, 2, 3, 5, 4, 0]]",120,0.03795981407165527
10,1,1.0,30,ortools,3,"[[0, 3, 2, 4, 5, 1, 0]]",150,0.03158211708068848
10,1,1.0,30,ortools,4,"[[0, 4, 2, 3, 5, 1, 0]]",162,0.020341873168945312
10,1,1.0,30,ortools,5,"[[0, 4, 5, 3, 1, 2, 0]]",174,0.013866901397705078
10,1,1.0,50,milp,1,"[[0, 3, 1, 5, 4, 2, 0]]",95.99999999999979,0.07310914993286133
